MODULE Weld_ALL_OF_THE_Channels_PR3
    
    
    ! NOTES
    ! 6/18/18  CHANGED THE LRnRL_CHAN SETTER's FORLOOP TO START @ 1, WAS MISSING ON M-55's
    ! 3/25/19 CHANGED LL/RR GENERIC STITCH TO SKIP WELD 1 IF ITS A TIGHT BOX
    !  ALSO MADE CHANGES TO THE LRnRL_CHANPLAN, THE_OBJECT = "Push_Stop",   3RD IF TO MAKE THE WELD FLIP IF THE WELD START WAS IN THE MIDDLE OF THE PUSHSTOP
    ! R23  ADDED SR_X2_Y3.TRANS.Y TO THE HURDLES.  TO ALLOW SOME WIGGLE ROOM WHILE TACKING UP, AND STILL BE ABLE TO HOP THE FENCES.
    ! R27 Changed " LRnRL_CHAN_PLAN "Y4"; " FROM "IF (THE_OBJECT = "Y3" AND HORIZ_Y3 <> FP_Height) OR ( THE_OBJECT = "Y4" AND HORIZ_Y4 <> FP_Height) THEN"  TO "IF (THE_OBJECT = "Y3" AND HORIZ_Y3 <> FP_Height) OR ( THE_OBJECT = "Y4" AND HORIZ_Y4 = FP_Height) THEN"
	! 10/21/19 SS
    !  ADDED  " and MY3_Weld_Count > 0 THEN " TO KEEP THE WELD FROM BEING FLIPPED OVER WHEN THERE IS NO CENTER BAR 6/3/20 SS	
	
	! CHANGED PLAN_dUH_cHAN, WHEN W=7, FOR PUSH_STOP = 303,ON 6894640 WAS CRASHING 10/20/20/SS
	
	! Changed the arrays from 35 to 40, ran out of welds, gave error.  7/22/21/SS
	
    ! UpDated 7/22/21/SS skipping all weld below the anchor on LRnRL, just to satisify the need of having a AngleIron inside the FP 6898779 on a Friday when I'm not here and Dan W. will just walk away.
	
PERS robtarget RL_Chan_goingUP:=[[248.58,439.22,15.69],[0.0743186,0.868569,0.302507,0.385428],[0,1,-2,0],[9E+09,-45,0.00451687,9E+09,9E+09,9E+09]];
PERS robtarget RL_Chan_goingUPcorner:=[[248.57,468.99,15.69],[0.00441198,0.818231,0.408605,0.404377],[0,1,-2,0],[9E+09,-40,-5,9E+09,9E+09,9E+09]];

PERS robtarget RL_Chan_goingDOWN:=[[248.55,439.20,15.69],[0.166009,0.884241,0.263964,0.347682],[0,1,-2,0],[9E+09,-45,0.00435694,9E+09,9E+09,9E+09]];
PERS robtarget RL_Chan_BOTTOMcorner:=[[248.55,408.61,15.69],[0.263807,0.884566,0.230134,0.308201],[0,1,-2,0],[9E+09,-40,5.00001,9E+09,9E+09,9E+09]];

PERS robtarget RL_CHANFLAT_goingup:=[[223.12,483.90,15.69],[0.0686406,0.860922,0.436323,0.252434],[0,1,-2,0],[9E+09,-30,0.00345066,9E+09,9E+09,9E+09]];
PERS robtarget RL_CHANFLAT_TOPcorner:=[[223.12,483.90,15.69],[0.0592125,-0.838583,-0.451769,-0.298627],[0,1,-2,0],[9E+09,-25,-4.99996,9E+09,9E+09,9E+09]];

PERS robtarget LL_CHAN_GoingUp:=[[-270.37,436.99,15.21],[0.144124,0.788012,0.487648,0.347081],[0,0,-2,0],[9E+09,-45,0.00410816,9E+09,9E+09,9E+09]];
PERS robtarget LL_CHAN_goingupcorner:=[[-265.50,887.94,15.22],[0.0140209,0.753344,0.518535,0.404224],[-1,0,-1,0],[9E+09,-40,-5,9E+09,9E+09,9E+09]];

PERS robtarget LL_CHAN_GOINGdown:=[[-270.37,436.99,15.21],[0.22246,0.805806,0.454482,0.307627],[0,0,-2,0],[9E+09,-45,0.00410816,9E+09,9E+09,9E+09]];
PERS robtarget LL_CHAN_GOINGdowncorner:=[[-270.36,411.33,15.20],[0.297563,0.81565,0.425985,0.254378],[0,0,-2,0],[9E+09,-40,4.99995,9E+09,9E+09,9E+09]];


PERS robtarget RR_CHAN_GOINGup:=[[265.74,425.05,15.18],[0.346334,0.329821,-0.862433,-0.165773],[-1,0,-2,0],[9E+09,-45,180,9E+09,9E+09,9E+09]];
PERS robtarget RR_CHAN_TOPcorner:=[[265.70,886.67,15.16],[0.257593,0.29389,-0.878079,-0.276138],[-1,0,-2,0],[9E+09,-40,185,9E+09,9E+09,9E+09]];

PERS robtarget RR_CHAN_GOINGdown:=[[269.75,437.02,16.58],[0.403142,0.332329,-0.846748,-0.100255],[-1,0,-2,0],[9E+09,-45,180,9E+09,9E+09,9E+09]];
PERS robtarget RR_CHAN_BOTTOMcorner:=[[269.76,437.02,16.58],[0.430288,0.36564,-0.825086,0.0198048],[-1,0,-1,0],[9E+09,-40,175,9E+09,9E+09,9E+09]];

PERS robtarget LR_CHAN_GOINGup:=[[-249.44,441.38,17.56],[0.34969,0.292965,-0.875927,-0.156972],[-1,0,-2,0],[9E+09,-45,180,9E+09,9E+09,9E+09]];
PERS robtarget LR_CHAN_goingup_corner:=[[-249.44,441.36,17.56],[0.332557,0.268512,-0.875476,-0.225495],[-1,0,-2,0],[9E+09,-40,185,9E+09,9E+09,9E+09]];

PERS robtarget LR_CHAN_GOINGdown:=[[-249.43,441.36,17.56],[0.393213,0.316458,-0.858163,-0.0937788],[-1,0,-2,0],[9E+09,-45,180,9E+09,9E+09,9E+09]];
PERS robtarget LR_CHAN_goingdown_corner:=[[-249.43,441.35,17.56],[0.431123,0.340521,-0.835569,0.0017755],[-1,0,-2,0],[9E+09,-40,175,9E+09,9E+09,9E+09]];

PERS robtarget LR_CHANFLAT_GOINGup:=[[-225.09,482.69,17.56],[0.267219,0.316082,-0.899666,-0.138875],[-1,0,-2,0],[9E+09,-30,180,9E+09,9E+09,9E+09]];
PERS robtarget LR_CHANFLAT_GOINGupcorner:=[[-225.09,482.69,17.56],[0.224093,0.303126,-0.899516,-0.220836],[-1,0,-2,0],[9E+09,-25,185,9E+09,9E+09,9E+09]];


    
    
VAR robtarget LL_CHAN_WELDS{40,3}:=[[ [[184.43,695.20,80.98],[0.0842675,0.873996,0.3985,0.265006],[0,0,0,0],[9E+09,-30,0.00423255,9E+09,9E+09,9E+09]],[[184.43,695.20,80.98],[0.0842675,0.873996,0.3985,0.265006],[0,0,0,0],[9E+09,-30,0.00423255,9E+09,9E+09,9E+09]],[[184.43,695.20,80.98],[0.0842675,0.873996,0.3985,0.265006],[0,0,0,0],[9E+09,-30,0.00423255,9E+09,9E+09,9E+09]]],
     [[[184.43,695.20,80.98],[0.0842675,0.873996,0.3985,0.265006],[0,0,0,0],[9E+09,-30,0.00423255,9E+09,9E+09,9E+09]],[[184.43,695.20,80.98],[0.0842675,0.873996,0.3985,0.265006],[0,0,0,0],[9E+09,-30,0.00423255,9E+09,9E+09,9E+09]],[[184.43,695.20,80.98],[0.0842675,0.873996,0.3985,0.265006],[0,0,0,0],[9E+09,-30,0.00423255,9E+09,9E+09,9E+09]]],
     [[[184.43,695.20,80.98],[0.0842675,0.873996,0.3985,0.265006],[0,0,0,0],[9E+09,-30,0.00423255,9E+09,9E+09,9E+09]],[[184.43,695.20,80.98],[0.0842675,0.873996,0.3985,0.265006],[0,0,0,0],[9E+09,-30,0.00423255,9E+09,9E+09,9E+09]],[[184.43,695.20,80.98],[0.0842675,0.873996,0.3985,0.265006],[0,0,0,0],[9E+09,-30,0.00423255,9E+09,9E+09,9E+09]]],
     [[[184.43,695.20,80.98],[0.0842675,0.873996,0.3985,0.265006],[0,0,0,0],[9E+09,-30,0.00423255,9E+09,9E+09,9E+09]],[[184.43,695.20,80.98],[0.0842675,0.873996,0.3985,0.265006],[0,0,0,0],[9E+09,-30,0.00423255,9E+09,9E+09,9E+09]],[[184.43,695.20,80.98],[0.0842675,0.873996,0.3985,0.265006],[0,0,0,0],[9E+09,-30,0.00423255,9E+09,9E+09,9E+09]]],
     [[[184.43,695.20,80.98],[0.0842675,0.873996,0.3985,0.265006],[0,0,0,0],[9E+09,-30,0.00423255,9E+09,9E+09,9E+09]],[[184.43,695.20,80.98],[0.0842675,0.873996,0.3985,0.265006],[0,0,0,0],[9E+09,-30,0.00423255,9E+09,9E+09,9E+09]],[[184.43,695.20,80.98],[0.0842675,0.873996,0.3985,0.265006],[0,0,0,0],[9E+09,-30,0.00423255,9E+09,9E+09,9E+09]]],
     [[[184.43,695.20,80.98],[0.0842675,0.873996,0.3985,0.265006],[0,0,0,0],[9E+09,-30,0.00423255,9E+09,9E+09,9E+09]],[[184.43,695.20,80.98],[0.0842675,0.873996,0.3985,0.265006],[0,0,0,0],[9E+09,-30,0.00423255,9E+09,9E+09,9E+09]],[[184.43,695.20,80.98],[0.0842675,0.873996,0.3985,0.265006],[0,0,0,0],[9E+09,-30,0.00423255,9E+09,9E+09,9E+09]]],
     [[[184.43,695.20,80.98],[0.0842675,0.873996,0.3985,0.265006],[0,0,0,0],[9E+09,-30,0.00423255,9E+09,9E+09,9E+09]],[[184.43,695.20,80.98],[0.0842675,0.873996,0.3985,0.265006],[0,0,0,0],[9E+09,-30,0.00423255,9E+09,9E+09,9E+09]],[[184.43,695.20,80.98],[0.0842675,0.873996,0.3985,0.265006],[0,0,0,0],[9E+09,-30,0.00423255,9E+09,9E+09,9E+09]]],
     [[[184.43,695.20,80.98],[0.0842675,0.873996,0.3985,0.265006],[0,0,0,0],[9E+09,-30,0.00423255,9E+09,9E+09,9E+09]],[[184.43,695.20,80.98],[0.0842675,0.873996,0.3985,0.265006],[0,0,0,0],[9E+09,-30,0.00423255,9E+09,9E+09,9E+09]],[[184.43,695.20,80.98],[0.0842675,0.873996,0.3985,0.265006],[0,0,0,0],[9E+09,-30,0.00423255,9E+09,9E+09,9E+09]]],
     [[[184.43,695.20,80.98],[0.0842675,0.873996,0.3985,0.265006],[0,0,0,0],[9E+09,-30,0.00423255,9E+09,9E+09,9E+09]],[[184.43,695.20,80.98],[0.0842675,0.873996,0.3985,0.265006],[0,0,0,0],[9E+09,-30,0.00423255,9E+09,9E+09,9E+09]],[[184.43,695.20,80.98],[0.0842675,0.873996,0.3985,0.265006],[0,0,0,0],[9E+09,-30,0.00423255,9E+09,9E+09,9E+09]]],
     [[[184.43,695.20,80.98],[0.0842675,0.873996,0.3985,0.265006],[0,0,0,0],[9E+09,-30,0.00423255,9E+09,9E+09,9E+09]],[[184.43,695.20,80.98],[0.0842675,0.873996,0.3985,0.265006],[0,0,0,0],[9E+09,-30,0.00423255,9E+09,9E+09,9E+09]],[[184.43,695.20,80.98],[0.0842675,0.873996,0.3985,0.265006],[0,0,0,0],[9E+09,-30,0.00423255,9E+09,9E+09,9E+09]]],
     [[[184.43,695.20,80.98],[0.0842675,0.873996,0.3985,0.265006],[0,0,0,0],[9E+09,-30,0.00423255,9E+09,9E+09,9E+09]],[[184.43,695.20,80.98],[0.0842675,0.873996,0.3985,0.265006],[0,0,0,0],[9E+09,-30,0.00423255,9E+09,9E+09,9E+09]],[[184.43,695.20,80.98],[0.0842675,0.873996,0.3985,0.265006],[0,0,0,0],[9E+09,-30,0.00423255,9E+09,9E+09,9E+09]]],
     [[[184.43,695.20,80.98],[0.0842675,0.873996,0.3985,0.265006],[0,0,0,0],[9E+09,-30,0.00423255,9E+09,9E+09,9E+09]],[[184.43,695.20,80.98],[0.0842675,0.873996,0.3985,0.265006],[0,0,0,0],[9E+09,-30,0.00423255,9E+09,9E+09,9E+09]],[[184.43,695.20,80.98],[0.0842675,0.873996,0.3985,0.265006],[0,0,0,0],[9E+09,-30,0.00423255,9E+09,9E+09,9E+09]]],
     [[[184.43,695.20,80.98],[0.0842675,0.873996,0.3985,0.265006],[0,0,0,0],[9E+09,-30,0.00423255,9E+09,9E+09,9E+09]],[[184.43,695.20,80.98],[0.0842675,0.873996,0.3985,0.265006],[0,0,0,0],[9E+09,-30,0.00423255,9E+09,9E+09,9E+09]],[[184.43,695.20,80.98],[0.0842675,0.873996,0.3985,0.265006],[0,0,0,0],[9E+09,-30,0.00423255,9E+09,9E+09,9E+09]]],
     [[[184.43,695.20,80.98],[0.0842675,0.873996,0.3985,0.265006],[0,0,0,0],[9E+09,-30,0.00423255,9E+09,9E+09,9E+09]],[[184.43,695.20,80.98],[0.0842675,0.873996,0.3985,0.265006],[0,0,0,0],[9E+09,-30,0.00423255,9E+09,9E+09,9E+09]],[[184.43,695.20,80.98],[0.0842675,0.873996,0.3985,0.265006],[0,0,0,0],[9E+09,-30,0.00423255,9E+09,9E+09,9E+09]]],
     [[[184.43,695.20,80.98],[0.0842675,0.873996,0.3985,0.265006],[0,0,0,0],[9E+09,-30,0.00423255,9E+09,9E+09,9E+09]],[[184.43,695.20,80.98],[0.0842675,0.873996,0.3985,0.265006],[0,0,0,0],[9E+09,-30,0.00423255,9E+09,9E+09,9E+09]],[[184.43,695.20,80.98],[0.0842675,0.873996,0.3985,0.265006],[0,0,0,0],[9E+09,-30,0.00423255,9E+09,9E+09,9E+09]]],
     [[[184.43,695.20,80.98],[0.0842675,0.873996,0.3985,0.265006],[0,0,0,0],[9E+09,-30,0.00423255,9E+09,9E+09,9E+09]],[[184.43,695.20,80.98],[0.0842675,0.873996,0.3985,0.265006],[0,0,0,0],[9E+09,-30,0.00423255,9E+09,9E+09,9E+09]],[[184.43,695.20,80.98],[0.0842675,0.873996,0.3985,0.265006],[0,0,0,0],[9E+09,-30,0.00423255,9E+09,9E+09,9E+09]]],
     [[[184.43,695.20,80.98],[0.0842675,0.873996,0.3985,0.265006],[0,0,0,0],[9E+09,-30,0.00423255,9E+09,9E+09,9E+09]],[[184.43,695.20,80.98],[0.0842675,0.873996,0.3985,0.265006],[0,0,0,0],[9E+09,-30,0.00423255,9E+09,9E+09,9E+09]],[[184.43,695.20,80.98],[0.0842675,0.873996,0.3985,0.265006],[0,0,0,0],[9E+09,-30,0.00423255,9E+09,9E+09,9E+09]]],
     [[[184.43,695.20,80.98],[0.0842675,0.873996,0.3985,0.265006],[0,0,0,0],[9E+09,-30,0.00423255,9E+09,9E+09,9E+09]],[[184.43,695.20,80.98],[0.0842675,0.873996,0.3985,0.265006],[0,0,0,0],[9E+09,-30,0.00423255,9E+09,9E+09,9E+09]],[[184.43,695.20,80.98],[0.0842675,0.873996,0.3985,0.265006],[0,0,0,0],[9E+09,-30,0.00423255,9E+09,9E+09,9E+09]]],
     [[[184.43,695.20,80.98],[0.0842675,0.873996,0.3985,0.265006],[0,0,0,0],[9E+09,-30,0.00423255,9E+09,9E+09,9E+09]],[[184.43,695.20,80.98],[0.0842675,0.873996,0.3985,0.265006],[0,0,0,0],[9E+09,-30,0.00423255,9E+09,9E+09,9E+09]],[[184.43,695.20,80.98],[0.0842675,0.873996,0.3985,0.265006],[0,0,0,0],[9E+09,-30,0.00423255,9E+09,9E+09,9E+09]]],
     [[[184.43,695.20,80.98],[0.0842675,0.873996,0.3985,0.265006],[0,0,0,0],[9E+09,-30,0.00423255,9E+09,9E+09,9E+09]],[[184.43,695.20,80.98],[0.0842675,0.873996,0.3985,0.265006],[0,0,0,0],[9E+09,-30,0.00423255,9E+09,9E+09,9E+09]],[[184.43,695.20,80.98],[0.0842675,0.873996,0.3985,0.265006],[0,0,0,0],[9E+09,-30,0.00423255,9E+09,9E+09,9E+09]]],
     [[[184.43,695.20,80.98],[0.0842675,0.873996,0.3985,0.265006],[0,0,0,0],[9E+09,-30,0.00423255,9E+09,9E+09,9E+09]],[[184.43,695.20,80.98],[0.0842675,0.873996,0.3985,0.265006],[0,0,0,0],[9E+09,-30,0.00423255,9E+09,9E+09,9E+09]],[[184.43,695.20,80.98],[0.0842675,0.873996,0.3985,0.265006],[0,0,0,0],[9E+09,-30,0.00423255,9E+09,9E+09,9E+09]]],
     [[[184.43,695.20,80.98],[0.0842675,0.873996,0.3985,0.265006],[0,0,0,0],[9E+09,-30,0.00423255,9E+09,9E+09,9E+09]],[[184.43,695.20,80.98],[0.0842675,0.873996,0.3985,0.265006],[0,0,0,0],[9E+09,-30,0.00423255,9E+09,9E+09,9E+09]],[[184.43,695.20,80.98],[0.0842675,0.873996,0.3985,0.265006],[0,0,0,0],[9E+09,-30,0.00423255,9E+09,9E+09,9E+09]]],
     [[[184.43,695.20,80.98],[0.0842675,0.873996,0.3985,0.265006],[0,0,0,0],[9E+09,-30,0.00423255,9E+09,9E+09,9E+09]],[[184.43,695.20,80.98],[0.0842675,0.873996,0.3985,0.265006],[0,0,0,0],[9E+09,-30,0.00423255,9E+09,9E+09,9E+09]],[[184.43,695.20,80.98],[0.0842675,0.873996,0.3985,0.265006],[0,0,0,0],[9E+09,-30,0.00423255,9E+09,9E+09,9E+09]]],
     [[[184.43,695.20,80.98],[0.0842675,0.873996,0.3985,0.265006],[0,0,0,0],[9E+09,-30,0.00423255,9E+09,9E+09,9E+09]],[[184.43,695.20,80.98],[0.0842675,0.873996,0.3985,0.265006],[0,0,0,0],[9E+09,-30,0.00423255,9E+09,9E+09,9E+09]],[[184.43,695.20,80.98],[0.0842675,0.873996,0.3985,0.265006],[0,0,0,0],[9E+09,-30,0.00423255,9E+09,9E+09,9E+09]]],
     [[[184.43,695.20,80.98],[0.0842675,0.873996,0.3985,0.265006],[0,0,0,0],[9E+09,-30,0.00423255,9E+09,9E+09,9E+09]],[[184.43,695.20,80.98],[0.0842675,0.873996,0.3985,0.265006],[0,0,0,0],[9E+09,-30,0.00423255,9E+09,9E+09,9E+09]],[[184.43,695.20,80.98],[0.0842675,0.873996,0.3985,0.265006],[0,0,0,0],[9E+09,-30,0.00423255,9E+09,9E+09,9E+09]]],
     [[[184.43,695.20,80.98],[0.0842675,0.873996,0.3985,0.265006],[0,0,0,0],[9E+09,-30,0.00423255,9E+09,9E+09,9E+09]],[[184.43,695.20,80.98],[0.0842675,0.873996,0.3985,0.265006],[0,0,0,0],[9E+09,-30,0.00423255,9E+09,9E+09,9E+09]],[[184.43,695.20,80.98],[0.0842675,0.873996,0.3985,0.265006],[0,0,0,0],[9E+09,-30,0.00423255,9E+09,9E+09,9E+09]]],
     [[[184.43,695.20,80.98],[0.0842675,0.873996,0.3985,0.265006],[0,0,0,0],[9E+09,-30,0.00423255,9E+09,9E+09,9E+09]],[[184.43,695.20,80.98],[0.0842675,0.873996,0.3985,0.265006],[0,0,0,0],[9E+09,-30,0.00423255,9E+09,9E+09,9E+09]],[[184.43,695.20,80.98],[0.0842675,0.873996,0.3985,0.265006],[0,0,0,0],[9E+09,-30,0.00423255,9E+09,9E+09,9E+09]]],
     [[[184.43,695.20,80.98],[0.0842675,0.873996,0.3985,0.265006],[0,0,0,0],[9E+09,-30,0.00423255,9E+09,9E+09,9E+09]],[[184.43,695.20,80.98],[0.0842675,0.873996,0.3985,0.265006],[0,0,0,0],[9E+09,-30,0.00423255,9E+09,9E+09,9E+09]],[[184.43,695.20,80.98],[0.0842675,0.873996,0.3985,0.265006],[0,0,0,0],[9E+09,-30,0.00423255,9E+09,9E+09,9E+09]]],
     [[[184.43,695.20,80.98],[0.0842675,0.873996,0.3985,0.265006],[0,0,0,0],[9E+09,-30,0.00423255,9E+09,9E+09,9E+09]],[[184.43,695.20,80.98],[0.0842675,0.873996,0.3985,0.265006],[0,0,0,0],[9E+09,-30,0.00423255,9E+09,9E+09,9E+09]],[[184.43,695.20,80.98],[0.0842675,0.873996,0.3985,0.265006],[0,0,0,0],[9E+09,-30,0.00423255,9E+09,9E+09,9E+09]]],
     [[[184.43,695.20,80.98],[0.0842675,0.873996,0.3985,0.265006],[0,0,0,0],[9E+09,-30,0.00423255,9E+09,9E+09,9E+09]],[[184.43,695.20,80.98],[0.0842675,0.873996,0.3985,0.265006],[0,0,0,0],[9E+09,-30,0.00423255,9E+09,9E+09,9E+09]],[[184.43,695.20,80.98],[0.0842675,0.873996,0.3985,0.265006],[0,0,0,0],[9E+09,-30,0.00423255,9E+09,9E+09,9E+09]]],
	 [[[184.43,695.20,80.98],[0.0842675,0.873996,0.3985,0.265006],[0,0,0,0],[9E+09,-30,0.00423255,9E+09,9E+09,9E+09]],[[184.43,695.20,80.98],[0.0842675,0.873996,0.3985,0.265006],[0,0,0,0],[9E+09,-30,0.00423255,9E+09,9E+09,9E+09]],[[184.43,695.20,80.98],[0.0842675,0.873996,0.3985,0.265006],[0,0,0,0],[9E+09,-30,0.00423255,9E+09,9E+09,9E+09]]],
     [[[184.43,695.20,80.98],[0.0842675,0.873996,0.3985,0.265006],[0,0,0,0],[9E+09,-30,0.00423255,9E+09,9E+09,9E+09]],[[184.43,695.20,80.98],[0.0842675,0.873996,0.3985,0.265006],[0,0,0,0],[9E+09,-30,0.00423255,9E+09,9E+09,9E+09]],[[184.43,695.20,80.98],[0.0842675,0.873996,0.3985,0.265006],[0,0,0,0],[9E+09,-30,0.00423255,9E+09,9E+09,9E+09]]],
     [[[184.43,695.20,80.98],[0.0842675,0.873996,0.3985,0.265006],[0,0,0,0],[9E+09,-30,0.00423255,9E+09,9E+09,9E+09]],[[184.43,695.20,80.98],[0.0842675,0.873996,0.3985,0.265006],[0,0,0,0],[9E+09,-30,0.00423255,9E+09,9E+09,9E+09]],[[184.43,695.20,80.98],[0.0842675,0.873996,0.3985,0.265006],[0,0,0,0],[9E+09,-30,0.00423255,9E+09,9E+09,9E+09]]],
     [[[184.43,695.20,80.98],[0.0842675,0.873996,0.3985,0.265006],[0,0,0,0],[9E+09,-30,0.00423255,9E+09,9E+09,9E+09]],[[184.43,695.20,80.98],[0.0842675,0.873996,0.3985,0.265006],[0,0,0,0],[9E+09,-30,0.00423255,9E+09,9E+09,9E+09]],[[184.43,695.20,80.98],[0.0842675,0.873996,0.3985,0.265006],[0,0,0,0],[9E+09,-30,0.00423255,9E+09,9E+09,9E+09]]],
     [[[184.43,695.20,80.98],[0.0842675,0.873996,0.3985,0.265006],[0,0,0,0],[9E+09,-30,0.00423255,9E+09,9E+09,9E+09]],[[184.43,695.20,80.98],[0.0842675,0.873996,0.3985,0.265006],[0,0,0,0],[9E+09,-30,0.00423255,9E+09,9E+09,9E+09]],[[184.43,695.20,80.98],[0.0842675,0.873996,0.3985,0.265006],[0,0,0,0],[9E+09,-30,0.00423255,9E+09,9E+09,9E+09]]],
	 [[[184.43,695.20,80.98],[0.0842675,0.873996,0.3985,0.265006],[0,0,0,0],[9E+09,-30,0.00423255,9E+09,9E+09,9E+09]],[[184.43,695.20,80.98],[0.0842675,0.873996,0.3985,0.265006],[0,0,0,0],[9E+09,-30,0.00423255,9E+09,9E+09,9E+09]],[[184.43,695.20,80.98],[0.0842675,0.873996,0.3985,0.265006],[0,0,0,0],[9E+09,-30,0.00423255,9E+09,9E+09,9E+09]]],
     [[[184.43,695.20,80.98],[0.0842675,0.873996,0.3985,0.265006],[0,0,0,0],[9E+09,-30,0.00423255,9E+09,9E+09,9E+09]],[[184.43,695.20,80.98],[0.0842675,0.873996,0.3985,0.265006],[0,0,0,0],[9E+09,-30,0.00423255,9E+09,9E+09,9E+09]],[[184.43,695.20,80.98],[0.0842675,0.873996,0.3985,0.265006],[0,0,0,0],[9E+09,-30,0.00423255,9E+09,9E+09,9E+09]]],
     [[[184.43,695.20,80.98],[0.0842675,0.873996,0.3985,0.265006],[0,0,0,0],[9E+09,-30,0.00423255,9E+09,9E+09,9E+09]],[[184.43,695.20,80.98],[0.0842675,0.873996,0.3985,0.265006],[0,0,0,0],[9E+09,-30,0.00423255,9E+09,9E+09,9E+09]],[[184.43,695.20,80.98],[0.0842675,0.873996,0.3985,0.265006],[0,0,0,0],[9E+09,-30,0.00423255,9E+09,9E+09,9E+09]]],
     [[[184.43,695.20,80.98],[0.0842675,0.873996,0.3985,0.265006],[0,0,0,0],[9E+09,-30,0.00423255,9E+09,9E+09,9E+09]],[[184.43,695.20,80.98],[0.0842675,0.873996,0.3985,0.265006],[0,0,0,0],[9E+09,-30,0.00423255,9E+09,9E+09,9E+09]],[[184.43,695.20,80.98],[0.0842675,0.873996,0.3985,0.265006],[0,0,0,0],[9E+09,-30,0.00423255,9E+09,9E+09,9E+09]]],
     [[[184.43,695.20,80.98],[0.0842675,0.873996,0.3985,0.265006],[0,0,0,0],[9E+09,-30,0.00423255,9E+09,9E+09,9E+09]],[[184.43,695.20,80.98],[0.0842675,0.873996,0.3985,0.265006],[0,0,0,0],[9E+09,-30,0.00423255,9E+09,9E+09,9E+09]],[[184.43,695.20,80.98],[0.0842675,0.873996,0.3985,0.265006],[0,0,0,0],[9E+09,-30,0.00423255,9E+09,9E+09,9E+09]]]];

VAR robtarget LR_CHAN_WELDS{40,3}:=[[ [[184.43,695.20,80.98],[0.0842675,0.873996,0.3985,0.265006],[0,0,0,0],[9E+09,-30,0.00423255,9E+09,9E+09,9E+09]],[[184.43,695.20,80.98],[0.0842675,0.873996,0.3985,0.265006],[0,0,0,0],[9E+09,-30,0.00423255,9E+09,9E+09,9E+09]],[[184.43,695.20,80.98],[0.0842675,0.873996,0.3985,0.265006],[0,0,0,0],[9E+09,-30,0.00423255,9E+09,9E+09,9E+09]]],
     [[[184.43,695.20,80.98],[0.0842675,0.873996,0.3985,0.265006],[0,0,0,0],[9E+09,-30,0.00423255,9E+09,9E+09,9E+09]],[[184.43,695.20,80.98],[0.0842675,0.873996,0.3985,0.265006],[0,0,0,0],[9E+09,-30,0.00423255,9E+09,9E+09,9E+09]],[[184.43,695.20,80.98],[0.0842675,0.873996,0.3985,0.265006],[0,0,0,0],[9E+09,-30,0.00423255,9E+09,9E+09,9E+09]]],
     [[[184.43,695.20,80.98],[0.0842675,0.873996,0.3985,0.265006],[0,0,0,0],[9E+09,-30,0.00423255,9E+09,9E+09,9E+09]],[[184.43,695.20,80.98],[0.0842675,0.873996,0.3985,0.265006],[0,0,0,0],[9E+09,-30,0.00423255,9E+09,9E+09,9E+09]],[[184.43,695.20,80.98],[0.0842675,0.873996,0.3985,0.265006],[0,0,0,0],[9E+09,-30,0.00423255,9E+09,9E+09,9E+09]]],
     [[[184.43,695.20,80.98],[0.0842675,0.873996,0.3985,0.265006],[0,0,0,0],[9E+09,-30,0.00423255,9E+09,9E+09,9E+09]],[[184.43,695.20,80.98],[0.0842675,0.873996,0.3985,0.265006],[0,0,0,0],[9E+09,-30,0.00423255,9E+09,9E+09,9E+09]],[[184.43,695.20,80.98],[0.0842675,0.873996,0.3985,0.265006],[0,0,0,0],[9E+09,-30,0.00423255,9E+09,9E+09,9E+09]]],
     [[[184.43,695.20,80.98],[0.0842675,0.873996,0.3985,0.265006],[0,0,0,0],[9E+09,-30,0.00423255,9E+09,9E+09,9E+09]],[[184.43,695.20,80.98],[0.0842675,0.873996,0.3985,0.265006],[0,0,0,0],[9E+09,-30,0.00423255,9E+09,9E+09,9E+09]],[[184.43,695.20,80.98],[0.0842675,0.873996,0.3985,0.265006],[0,0,0,0],[9E+09,-30,0.00423255,9E+09,9E+09,9E+09]]],
     [[[184.43,695.20,80.98],[0.0842675,0.873996,0.3985,0.265006],[0,0,0,0],[9E+09,-30,0.00423255,9E+09,9E+09,9E+09]],[[184.43,695.20,80.98],[0.0842675,0.873996,0.3985,0.265006],[0,0,0,0],[9E+09,-30,0.00423255,9E+09,9E+09,9E+09]],[[184.43,695.20,80.98],[0.0842675,0.873996,0.3985,0.265006],[0,0,0,0],[9E+09,-30,0.00423255,9E+09,9E+09,9E+09]]],
     [[[184.43,695.20,80.98],[0.0842675,0.873996,0.3985,0.265006],[0,0,0,0],[9E+09,-30,0.00423255,9E+09,9E+09,9E+09]],[[184.43,695.20,80.98],[0.0842675,0.873996,0.3985,0.265006],[0,0,0,0],[9E+09,-30,0.00423255,9E+09,9E+09,9E+09]],[[184.43,695.20,80.98],[0.0842675,0.873996,0.3985,0.265006],[0,0,0,0],[9E+09,-30,0.00423255,9E+09,9E+09,9E+09]]],
     [[[184.43,695.20,80.98],[0.0842675,0.873996,0.3985,0.265006],[0,0,0,0],[9E+09,-30,0.00423255,9E+09,9E+09,9E+09]],[[184.43,695.20,80.98],[0.0842675,0.873996,0.3985,0.265006],[0,0,0,0],[9E+09,-30,0.00423255,9E+09,9E+09,9E+09]],[[184.43,695.20,80.98],[0.0842675,0.873996,0.3985,0.265006],[0,0,0,0],[9E+09,-30,0.00423255,9E+09,9E+09,9E+09]]],
     [[[184.43,695.20,80.98],[0.0842675,0.873996,0.3985,0.265006],[0,0,0,0],[9E+09,-30,0.00423255,9E+09,9E+09,9E+09]],[[184.43,695.20,80.98],[0.0842675,0.873996,0.3985,0.265006],[0,0,0,0],[9E+09,-30,0.00423255,9E+09,9E+09,9E+09]],[[184.43,695.20,80.98],[0.0842675,0.873996,0.3985,0.265006],[0,0,0,0],[9E+09,-30,0.00423255,9E+09,9E+09,9E+09]]],
     [[[184.43,695.20,80.98],[0.0842675,0.873996,0.3985,0.265006],[0,0,0,0],[9E+09,-30,0.00423255,9E+09,9E+09,9E+09]],[[184.43,695.20,80.98],[0.0842675,0.873996,0.3985,0.265006],[0,0,0,0],[9E+09,-30,0.00423255,9E+09,9E+09,9E+09]],[[184.43,695.20,80.98],[0.0842675,0.873996,0.3985,0.265006],[0,0,0,0],[9E+09,-30,0.00423255,9E+09,9E+09,9E+09]]],
     [[[184.43,695.20,80.98],[0.0842675,0.873996,0.3985,0.265006],[0,0,0,0],[9E+09,-30,0.00423255,9E+09,9E+09,9E+09]],[[184.43,695.20,80.98],[0.0842675,0.873996,0.3985,0.265006],[0,0,0,0],[9E+09,-30,0.00423255,9E+09,9E+09,9E+09]],[[184.43,695.20,80.98],[0.0842675,0.873996,0.3985,0.265006],[0,0,0,0],[9E+09,-30,0.00423255,9E+09,9E+09,9E+09]]],
     [[[184.43,695.20,80.98],[0.0842675,0.873996,0.3985,0.265006],[0,0,0,0],[9E+09,-30,0.00423255,9E+09,9E+09,9E+09]],[[184.43,695.20,80.98],[0.0842675,0.873996,0.3985,0.265006],[0,0,0,0],[9E+09,-30,0.00423255,9E+09,9E+09,9E+09]],[[184.43,695.20,80.98],[0.0842675,0.873996,0.3985,0.265006],[0,0,0,0],[9E+09,-30,0.00423255,9E+09,9E+09,9E+09]]],
     [[[184.43,695.20,80.98],[0.0842675,0.873996,0.3985,0.265006],[0,0,0,0],[9E+09,-30,0.00423255,9E+09,9E+09,9E+09]],[[184.43,695.20,80.98],[0.0842675,0.873996,0.3985,0.265006],[0,0,0,0],[9E+09,-30,0.00423255,9E+09,9E+09,9E+09]],[[184.43,695.20,80.98],[0.0842675,0.873996,0.3985,0.265006],[0,0,0,0],[9E+09,-30,0.00423255,9E+09,9E+09,9E+09]]],
     [[[184.43,695.20,80.98],[0.0842675,0.873996,0.3985,0.265006],[0,0,0,0],[9E+09,-30,0.00423255,9E+09,9E+09,9E+09]],[[184.43,695.20,80.98],[0.0842675,0.873996,0.3985,0.265006],[0,0,0,0],[9E+09,-30,0.00423255,9E+09,9E+09,9E+09]],[[184.43,695.20,80.98],[0.0842675,0.873996,0.3985,0.265006],[0,0,0,0],[9E+09,-30,0.00423255,9E+09,9E+09,9E+09]]],
     [[[184.43,695.20,80.98],[0.0842675,0.873996,0.3985,0.265006],[0,0,0,0],[9E+09,-30,0.00423255,9E+09,9E+09,9E+09]],[[184.43,695.20,80.98],[0.0842675,0.873996,0.3985,0.265006],[0,0,0,0],[9E+09,-30,0.00423255,9E+09,9E+09,9E+09]],[[184.43,695.20,80.98],[0.0842675,0.873996,0.3985,0.265006],[0,0,0,0],[9E+09,-30,0.00423255,9E+09,9E+09,9E+09]]],
     [[[184.43,695.20,80.98],[0.0842675,0.873996,0.3985,0.265006],[0,0,0,0],[9E+09,-30,0.00423255,9E+09,9E+09,9E+09]],[[184.43,695.20,80.98],[0.0842675,0.873996,0.3985,0.265006],[0,0,0,0],[9E+09,-30,0.00423255,9E+09,9E+09,9E+09]],[[184.43,695.20,80.98],[0.0842675,0.873996,0.3985,0.265006],[0,0,0,0],[9E+09,-30,0.00423255,9E+09,9E+09,9E+09]]],
     [[[184.43,695.20,80.98],[0.0842675,0.873996,0.3985,0.265006],[0,0,0,0],[9E+09,-30,0.00423255,9E+09,9E+09,9E+09]],[[184.43,695.20,80.98],[0.0842675,0.873996,0.3985,0.265006],[0,0,0,0],[9E+09,-30,0.00423255,9E+09,9E+09,9E+09]],[[184.43,695.20,80.98],[0.0842675,0.873996,0.3985,0.265006],[0,0,0,0],[9E+09,-30,0.00423255,9E+09,9E+09,9E+09]]],
     [[[184.43,695.20,80.98],[0.0842675,0.873996,0.3985,0.265006],[0,0,0,0],[9E+09,-30,0.00423255,9E+09,9E+09,9E+09]],[[184.43,695.20,80.98],[0.0842675,0.873996,0.3985,0.265006],[0,0,0,0],[9E+09,-30,0.00423255,9E+09,9E+09,9E+09]],[[184.43,695.20,80.98],[0.0842675,0.873996,0.3985,0.265006],[0,0,0,0],[9E+09,-30,0.00423255,9E+09,9E+09,9E+09]]],
     [[[184.43,695.20,80.98],[0.0842675,0.873996,0.3985,0.265006],[0,0,0,0],[9E+09,-30,0.00423255,9E+09,9E+09,9E+09]],[[184.43,695.20,80.98],[0.0842675,0.873996,0.3985,0.265006],[0,0,0,0],[9E+09,-30,0.00423255,9E+09,9E+09,9E+09]],[[184.43,695.20,80.98],[0.0842675,0.873996,0.3985,0.265006],[0,0,0,0],[9E+09,-30,0.00423255,9E+09,9E+09,9E+09]]],
     [[[184.43,695.20,80.98],[0.0842675,0.873996,0.3985,0.265006],[0,0,0,0],[9E+09,-30,0.00423255,9E+09,9E+09,9E+09]],[[184.43,695.20,80.98],[0.0842675,0.873996,0.3985,0.265006],[0,0,0,0],[9E+09,-30,0.00423255,9E+09,9E+09,9E+09]],[[184.43,695.20,80.98],[0.0842675,0.873996,0.3985,0.265006],[0,0,0,0],[9E+09,-30,0.00423255,9E+09,9E+09,9E+09]]],
     [[[184.43,695.20,80.98],[0.0842675,0.873996,0.3985,0.265006],[0,0,0,0],[9E+09,-30,0.00423255,9E+09,9E+09,9E+09]],[[184.43,695.20,80.98],[0.0842675,0.873996,0.3985,0.265006],[0,0,0,0],[9E+09,-30,0.00423255,9E+09,9E+09,9E+09]],[[184.43,695.20,80.98],[0.0842675,0.873996,0.3985,0.265006],[0,0,0,0],[9E+09,-30,0.00423255,9E+09,9E+09,9E+09]]],
     [[[184.43,695.20,80.98],[0.0842675,0.873996,0.3985,0.265006],[0,0,0,0],[9E+09,-30,0.00423255,9E+09,9E+09,9E+09]],[[184.43,695.20,80.98],[0.0842675,0.873996,0.3985,0.265006],[0,0,0,0],[9E+09,-30,0.00423255,9E+09,9E+09,9E+09]],[[184.43,695.20,80.98],[0.0842675,0.873996,0.3985,0.265006],[0,0,0,0],[9E+09,-30,0.00423255,9E+09,9E+09,9E+09]]],
     [[[184.43,695.20,80.98],[0.0842675,0.873996,0.3985,0.265006],[0,0,0,0],[9E+09,-30,0.00423255,9E+09,9E+09,9E+09]],[[184.43,695.20,80.98],[0.0842675,0.873996,0.3985,0.265006],[0,0,0,0],[9E+09,-30,0.00423255,9E+09,9E+09,9E+09]],[[184.43,695.20,80.98],[0.0842675,0.873996,0.3985,0.265006],[0,0,0,0],[9E+09,-30,0.00423255,9E+09,9E+09,9E+09]]],
     [[[184.43,695.20,80.98],[0.0842675,0.873996,0.3985,0.265006],[0,0,0,0],[9E+09,-30,0.00423255,9E+09,9E+09,9E+09]],[[184.43,695.20,80.98],[0.0842675,0.873996,0.3985,0.265006],[0,0,0,0],[9E+09,-30,0.00423255,9E+09,9E+09,9E+09]],[[184.43,695.20,80.98],[0.0842675,0.873996,0.3985,0.265006],[0,0,0,0],[9E+09,-30,0.00423255,9E+09,9E+09,9E+09]]],
     [[[184.43,695.20,80.98],[0.0842675,0.873996,0.3985,0.265006],[0,0,0,0],[9E+09,-30,0.00423255,9E+09,9E+09,9E+09]],[[184.43,695.20,80.98],[0.0842675,0.873996,0.3985,0.265006],[0,0,0,0],[9E+09,-30,0.00423255,9E+09,9E+09,9E+09]],[[184.43,695.20,80.98],[0.0842675,0.873996,0.3985,0.265006],[0,0,0,0],[9E+09,-30,0.00423255,9E+09,9E+09,9E+09]]],
     [[[184.43,695.20,80.98],[0.0842675,0.873996,0.3985,0.265006],[0,0,0,0],[9E+09,-30,0.00423255,9E+09,9E+09,9E+09]],[[184.43,695.20,80.98],[0.0842675,0.873996,0.3985,0.265006],[0,0,0,0],[9E+09,-30,0.00423255,9E+09,9E+09,9E+09]],[[184.43,695.20,80.98],[0.0842675,0.873996,0.3985,0.265006],[0,0,0,0],[9E+09,-30,0.00423255,9E+09,9E+09,9E+09]]],
     [[[184.43,695.20,80.98],[0.0842675,0.873996,0.3985,0.265006],[0,0,0,0],[9E+09,-30,0.00423255,9E+09,9E+09,9E+09]],[[184.43,695.20,80.98],[0.0842675,0.873996,0.3985,0.265006],[0,0,0,0],[9E+09,-30,0.00423255,9E+09,9E+09,9E+09]],[[184.43,695.20,80.98],[0.0842675,0.873996,0.3985,0.265006],[0,0,0,0],[9E+09,-30,0.00423255,9E+09,9E+09,9E+09]]],
     [[[184.43,695.20,80.98],[0.0842675,0.873996,0.3985,0.265006],[0,0,0,0],[9E+09,-30,0.00423255,9E+09,9E+09,9E+09]],[[184.43,695.20,80.98],[0.0842675,0.873996,0.3985,0.265006],[0,0,0,0],[9E+09,-30,0.00423255,9E+09,9E+09,9E+09]],[[184.43,695.20,80.98],[0.0842675,0.873996,0.3985,0.265006],[0,0,0,0],[9E+09,-30,0.00423255,9E+09,9E+09,9E+09]]],
     [[[184.43,695.20,80.98],[0.0842675,0.873996,0.3985,0.265006],[0,0,0,0],[9E+09,-30,0.00423255,9E+09,9E+09,9E+09]],[[184.43,695.20,80.98],[0.0842675,0.873996,0.3985,0.265006],[0,0,0,0],[9E+09,-30,0.00423255,9E+09,9E+09,9E+09]],[[184.43,695.20,80.98],[0.0842675,0.873996,0.3985,0.265006],[0,0,0,0],[9E+09,-30,0.00423255,9E+09,9E+09,9E+09]]],
     [[[184.43,695.20,80.98],[0.0842675,0.873996,0.3985,0.265006],[0,0,0,0],[9E+09,-30,0.00423255,9E+09,9E+09,9E+09]],[[184.43,695.20,80.98],[0.0842675,0.873996,0.3985,0.265006],[0,0,0,0],[9E+09,-30,0.00423255,9E+09,9E+09,9E+09]],[[184.43,695.20,80.98],[0.0842675,0.873996,0.3985,0.265006],[0,0,0,0],[9E+09,-30,0.00423255,9E+09,9E+09,9E+09]]],
	 [[[184.43,695.20,80.98],[0.0842675,0.873996,0.3985,0.265006],[0,0,0,0],[9E+09,-30,0.00423255,9E+09,9E+09,9E+09]],[[184.43,695.20,80.98],[0.0842675,0.873996,0.3985,0.265006],[0,0,0,0],[9E+09,-30,0.00423255,9E+09,9E+09,9E+09]],[[184.43,695.20,80.98],[0.0842675,0.873996,0.3985,0.265006],[0,0,0,0],[9E+09,-30,0.00423255,9E+09,9E+09,9E+09]]],
     [[[184.43,695.20,80.98],[0.0842675,0.873996,0.3985,0.265006],[0,0,0,0],[9E+09,-30,0.00423255,9E+09,9E+09,9E+09]],[[184.43,695.20,80.98],[0.0842675,0.873996,0.3985,0.265006],[0,0,0,0],[9E+09,-30,0.00423255,9E+09,9E+09,9E+09]],[[184.43,695.20,80.98],[0.0842675,0.873996,0.3985,0.265006],[0,0,0,0],[9E+09,-30,0.00423255,9E+09,9E+09,9E+09]]],
     [[[184.43,695.20,80.98],[0.0842675,0.873996,0.3985,0.265006],[0,0,0,0],[9E+09,-30,0.00423255,9E+09,9E+09,9E+09]],[[184.43,695.20,80.98],[0.0842675,0.873996,0.3985,0.265006],[0,0,0,0],[9E+09,-30,0.00423255,9E+09,9E+09,9E+09]],[[184.43,695.20,80.98],[0.0842675,0.873996,0.3985,0.265006],[0,0,0,0],[9E+09,-30,0.00423255,9E+09,9E+09,9E+09]]],
     [[[184.43,695.20,80.98],[0.0842675,0.873996,0.3985,0.265006],[0,0,0,0],[9E+09,-30,0.00423255,9E+09,9E+09,9E+09]],[[184.43,695.20,80.98],[0.0842675,0.873996,0.3985,0.265006],[0,0,0,0],[9E+09,-30,0.00423255,9E+09,9E+09,9E+09]],[[184.43,695.20,80.98],[0.0842675,0.873996,0.3985,0.265006],[0,0,0,0],[9E+09,-30,0.00423255,9E+09,9E+09,9E+09]]],
     [[[184.43,695.20,80.98],[0.0842675,0.873996,0.3985,0.265006],[0,0,0,0],[9E+09,-30,0.00423255,9E+09,9E+09,9E+09]],[[184.43,695.20,80.98],[0.0842675,0.873996,0.3985,0.265006],[0,0,0,0],[9E+09,-30,0.00423255,9E+09,9E+09,9E+09]],[[184.43,695.20,80.98],[0.0842675,0.873996,0.3985,0.265006],[0,0,0,0],[9E+09,-30,0.00423255,9E+09,9E+09,9E+09]]],
	 [[[184.43,695.20,80.98],[0.0842675,0.873996,0.3985,0.265006],[0,0,0,0],[9E+09,-30,0.00423255,9E+09,9E+09,9E+09]],[[184.43,695.20,80.98],[0.0842675,0.873996,0.3985,0.265006],[0,0,0,0],[9E+09,-30,0.00423255,9E+09,9E+09,9E+09]],[[184.43,695.20,80.98],[0.0842675,0.873996,0.3985,0.265006],[0,0,0,0],[9E+09,-30,0.00423255,9E+09,9E+09,9E+09]]],
     [[[184.43,695.20,80.98],[0.0842675,0.873996,0.3985,0.265006],[0,0,0,0],[9E+09,-30,0.00423255,9E+09,9E+09,9E+09]],[[184.43,695.20,80.98],[0.0842675,0.873996,0.3985,0.265006],[0,0,0,0],[9E+09,-30,0.00423255,9E+09,9E+09,9E+09]],[[184.43,695.20,80.98],[0.0842675,0.873996,0.3985,0.265006],[0,0,0,0],[9E+09,-30,0.00423255,9E+09,9E+09,9E+09]]],
     [[[184.43,695.20,80.98],[0.0842675,0.873996,0.3985,0.265006],[0,0,0,0],[9E+09,-30,0.00423255,9E+09,9E+09,9E+09]],[[184.43,695.20,80.98],[0.0842675,0.873996,0.3985,0.265006],[0,0,0,0],[9E+09,-30,0.00423255,9E+09,9E+09,9E+09]],[[184.43,695.20,80.98],[0.0842675,0.873996,0.3985,0.265006],[0,0,0,0],[9E+09,-30,0.00423255,9E+09,9E+09,9E+09]]],
     [[[184.43,695.20,80.98],[0.0842675,0.873996,0.3985,0.265006],[0,0,0,0],[9E+09,-30,0.00423255,9E+09,9E+09,9E+09]],[[184.43,695.20,80.98],[0.0842675,0.873996,0.3985,0.265006],[0,0,0,0],[9E+09,-30,0.00423255,9E+09,9E+09,9E+09]],[[184.43,695.20,80.98],[0.0842675,0.873996,0.3985,0.265006],[0,0,0,0],[9E+09,-30,0.00423255,9E+09,9E+09,9E+09]]],
     [[[184.43,695.20,80.98],[0.0842675,0.873996,0.3985,0.265006],[0,0,0,0],[9E+09,-30,0.00423255,9E+09,9E+09,9E+09]],[[184.43,695.20,80.98],[0.0842675,0.873996,0.3985,0.265006],[0,0,0,0],[9E+09,-30,0.00423255,9E+09,9E+09,9E+09]],[[184.43,695.20,80.98],[0.0842675,0.873996,0.3985,0.265006],[0,0,0,0],[9E+09,-30,0.00423255,9E+09,9E+09,9E+09]]]];

VAR robtarget RL_CHAN_WELDS{40,3}:=[[ [[184.43,695.20,80.98],[0.0842675,0.873996,0.3985,0.265006],[0,0,0,0],[9E+09,-30,0.00423255,9E+09,9E+09,9E+09]],[[184.43,695.20,80.98],[0.0842675,0.873996,0.3985,0.265006],[0,0,0,0],[9E+09,-30,0.00423255,9E+09,9E+09,9E+09]],[[184.43,695.20,80.98],[0.0842675,0.873996,0.3985,0.265006],[0,0,0,0],[9E+09,-30,0.00423255,9E+09,9E+09,9E+09]]],
     [[[184.43,695.20,80.98],[0.0842675,0.873996,0.3985,0.265006],[0,0,0,0],[9E+09,-30,0.00423255,9E+09,9E+09,9E+09]],[[184.43,695.20,80.98],[0.0842675,0.873996,0.3985,0.265006],[0,0,0,0],[9E+09,-30,0.00423255,9E+09,9E+09,9E+09]],[[184.43,695.20,80.98],[0.0842675,0.873996,0.3985,0.265006],[0,0,0,0],[9E+09,-30,0.00423255,9E+09,9E+09,9E+09]]],
     [[[184.43,695.20,80.98],[0.0842675,0.873996,0.3985,0.265006],[0,0,0,0],[9E+09,-30,0.00423255,9E+09,9E+09,9E+09]],[[184.43,695.20,80.98],[0.0842675,0.873996,0.3985,0.265006],[0,0,0,0],[9E+09,-30,0.00423255,9E+09,9E+09,9E+09]],[[184.43,695.20,80.98],[0.0842675,0.873996,0.3985,0.265006],[0,0,0,0],[9E+09,-30,0.00423255,9E+09,9E+09,9E+09]]],
     [[[184.43,695.20,80.98],[0.0842675,0.873996,0.3985,0.265006],[0,0,0,0],[9E+09,-30,0.00423255,9E+09,9E+09,9E+09]],[[184.43,695.20,80.98],[0.0842675,0.873996,0.3985,0.265006],[0,0,0,0],[9E+09,-30,0.00423255,9E+09,9E+09,9E+09]],[[184.43,695.20,80.98],[0.0842675,0.873996,0.3985,0.265006],[0,0,0,0],[9E+09,-30,0.00423255,9E+09,9E+09,9E+09]]],
     [[[184.43,695.20,80.98],[0.0842675,0.873996,0.3985,0.265006],[0,0,0,0],[9E+09,-30,0.00423255,9E+09,9E+09,9E+09]],[[184.43,695.20,80.98],[0.0842675,0.873996,0.3985,0.265006],[0,0,0,0],[9E+09,-30,0.00423255,9E+09,9E+09,9E+09]],[[184.43,695.20,80.98],[0.0842675,0.873996,0.3985,0.265006],[0,0,0,0],[9E+09,-30,0.00423255,9E+09,9E+09,9E+09]]],
     [[[184.43,695.20,80.98],[0.0842675,0.873996,0.3985,0.265006],[0,0,0,0],[9E+09,-30,0.00423255,9E+09,9E+09,9E+09]],[[184.43,695.20,80.98],[0.0842675,0.873996,0.3985,0.265006],[0,0,0,0],[9E+09,-30,0.00423255,9E+09,9E+09,9E+09]],[[184.43,695.20,80.98],[0.0842675,0.873996,0.3985,0.265006],[0,0,0,0],[9E+09,-30,0.00423255,9E+09,9E+09,9E+09]]],
     [[[184.43,695.20,80.98],[0.0842675,0.873996,0.3985,0.265006],[0,0,0,0],[9E+09,-30,0.00423255,9E+09,9E+09,9E+09]],[[184.43,695.20,80.98],[0.0842675,0.873996,0.3985,0.265006],[0,0,0,0],[9E+09,-30,0.00423255,9E+09,9E+09,9E+09]],[[184.43,695.20,80.98],[0.0842675,0.873996,0.3985,0.265006],[0,0,0,0],[9E+09,-30,0.00423255,9E+09,9E+09,9E+09]]],
     [[[184.43,695.20,80.98],[0.0842675,0.873996,0.3985,0.265006],[0,0,0,0],[9E+09,-30,0.00423255,9E+09,9E+09,9E+09]],[[184.43,695.20,80.98],[0.0842675,0.873996,0.3985,0.265006],[0,0,0,0],[9E+09,-30,0.00423255,9E+09,9E+09,9E+09]],[[184.43,695.20,80.98],[0.0842675,0.873996,0.3985,0.265006],[0,0,0,0],[9E+09,-30,0.00423255,9E+09,9E+09,9E+09]]],
     [[[184.43,695.20,80.98],[0.0842675,0.873996,0.3985,0.265006],[0,0,0,0],[9E+09,-30,0.00423255,9E+09,9E+09,9E+09]],[[184.43,695.20,80.98],[0.0842675,0.873996,0.3985,0.265006],[0,0,0,0],[9E+09,-30,0.00423255,9E+09,9E+09,9E+09]],[[184.43,695.20,80.98],[0.0842675,0.873996,0.3985,0.265006],[0,0,0,0],[9E+09,-30,0.00423255,9E+09,9E+09,9E+09]]],
     [[[184.43,695.20,80.98],[0.0842675,0.873996,0.3985,0.265006],[0,0,0,0],[9E+09,-30,0.00423255,9E+09,9E+09,9E+09]],[[184.43,695.20,80.98],[0.0842675,0.873996,0.3985,0.265006],[0,0,0,0],[9E+09,-30,0.00423255,9E+09,9E+09,9E+09]],[[184.43,695.20,80.98],[0.0842675,0.873996,0.3985,0.265006],[0,0,0,0],[9E+09,-30,0.00423255,9E+09,9E+09,9E+09]]],
     [[[184.43,695.20,80.98],[0.0842675,0.873996,0.3985,0.265006],[0,0,0,0],[9E+09,-30,0.00423255,9E+09,9E+09,9E+09]],[[184.43,695.20,80.98],[0.0842675,0.873996,0.3985,0.265006],[0,0,0,0],[9E+09,-30,0.00423255,9E+09,9E+09,9E+09]],[[184.43,695.20,80.98],[0.0842675,0.873996,0.3985,0.265006],[0,0,0,0],[9E+09,-30,0.00423255,9E+09,9E+09,9E+09]]],
     [[[184.43,695.20,80.98],[0.0842675,0.873996,0.3985,0.265006],[0,0,0,0],[9E+09,-30,0.00423255,9E+09,9E+09,9E+09]],[[184.43,695.20,80.98],[0.0842675,0.873996,0.3985,0.265006],[0,0,0,0],[9E+09,-30,0.00423255,9E+09,9E+09,9E+09]],[[184.43,695.20,80.98],[0.0842675,0.873996,0.3985,0.265006],[0,0,0,0],[9E+09,-30,0.00423255,9E+09,9E+09,9E+09]]],
     [[[184.43,695.20,80.98],[0.0842675,0.873996,0.3985,0.265006],[0,0,0,0],[9E+09,-30,0.00423255,9E+09,9E+09,9E+09]],[[184.43,695.20,80.98],[0.0842675,0.873996,0.3985,0.265006],[0,0,0,0],[9E+09,-30,0.00423255,9E+09,9E+09,9E+09]],[[184.43,695.20,80.98],[0.0842675,0.873996,0.3985,0.265006],[0,0,0,0],[9E+09,-30,0.00423255,9E+09,9E+09,9E+09]]],
     [[[184.43,695.20,80.98],[0.0842675,0.873996,0.3985,0.265006],[0,0,0,0],[9E+09,-30,0.00423255,9E+09,9E+09,9E+09]],[[184.43,695.20,80.98],[0.0842675,0.873996,0.3985,0.265006],[0,0,0,0],[9E+09,-30,0.00423255,9E+09,9E+09,9E+09]],[[184.43,695.20,80.98],[0.0842675,0.873996,0.3985,0.265006],[0,0,0,0],[9E+09,-30,0.00423255,9E+09,9E+09,9E+09]]],
     [[[184.43,695.20,80.98],[0.0842675,0.873996,0.3985,0.265006],[0,0,0,0],[9E+09,-30,0.00423255,9E+09,9E+09,9E+09]],[[184.43,695.20,80.98],[0.0842675,0.873996,0.3985,0.265006],[0,0,0,0],[9E+09,-30,0.00423255,9E+09,9E+09,9E+09]],[[184.43,695.20,80.98],[0.0842675,0.873996,0.3985,0.265006],[0,0,0,0],[9E+09,-30,0.00423255,9E+09,9E+09,9E+09]]],
     [[[184.43,695.20,80.98],[0.0842675,0.873996,0.3985,0.265006],[0,0,0,0],[9E+09,-30,0.00423255,9E+09,9E+09,9E+09]],[[184.43,695.20,80.98],[0.0842675,0.873996,0.3985,0.265006],[0,0,0,0],[9E+09,-30,0.00423255,9E+09,9E+09,9E+09]],[[184.43,695.20,80.98],[0.0842675,0.873996,0.3985,0.265006],[0,0,0,0],[9E+09,-30,0.00423255,9E+09,9E+09,9E+09]]],
     [[[184.43,695.20,80.98],[0.0842675,0.873996,0.3985,0.265006],[0,0,0,0],[9E+09,-30,0.00423255,9E+09,9E+09,9E+09]],[[184.43,695.20,80.98],[0.0842675,0.873996,0.3985,0.265006],[0,0,0,0],[9E+09,-30,0.00423255,9E+09,9E+09,9E+09]],[[184.43,695.20,80.98],[0.0842675,0.873996,0.3985,0.265006],[0,0,0,0],[9E+09,-30,0.00423255,9E+09,9E+09,9E+09]]],
     [[[184.43,695.20,80.98],[0.0842675,0.873996,0.3985,0.265006],[0,0,0,0],[9E+09,-30,0.00423255,9E+09,9E+09,9E+09]],[[184.43,695.20,80.98],[0.0842675,0.873996,0.3985,0.265006],[0,0,0,0],[9E+09,-30,0.00423255,9E+09,9E+09,9E+09]],[[184.43,695.20,80.98],[0.0842675,0.873996,0.3985,0.265006],[0,0,0,0],[9E+09,-30,0.00423255,9E+09,9E+09,9E+09]]],
     [[[184.43,695.20,80.98],[0.0842675,0.873996,0.3985,0.265006],[0,0,0,0],[9E+09,-30,0.00423255,9E+09,9E+09,9E+09]],[[184.43,695.20,80.98],[0.0842675,0.873996,0.3985,0.265006],[0,0,0,0],[9E+09,-30,0.00423255,9E+09,9E+09,9E+09]],[[184.43,695.20,80.98],[0.0842675,0.873996,0.3985,0.265006],[0,0,0,0],[9E+09,-30,0.00423255,9E+09,9E+09,9E+09]]],
     [[[184.43,695.20,80.98],[0.0842675,0.873996,0.3985,0.265006],[0,0,0,0],[9E+09,-30,0.00423255,9E+09,9E+09,9E+09]],[[184.43,695.20,80.98],[0.0842675,0.873996,0.3985,0.265006],[0,0,0,0],[9E+09,-30,0.00423255,9E+09,9E+09,9E+09]],[[184.43,695.20,80.98],[0.0842675,0.873996,0.3985,0.265006],[0,0,0,0],[9E+09,-30,0.00423255,9E+09,9E+09,9E+09]]],
     [[[184.43,695.20,80.98],[0.0842675,0.873996,0.3985,0.265006],[0,0,0,0],[9E+09,-30,0.00423255,9E+09,9E+09,9E+09]],[[184.43,695.20,80.98],[0.0842675,0.873996,0.3985,0.265006],[0,0,0,0],[9E+09,-30,0.00423255,9E+09,9E+09,9E+09]],[[184.43,695.20,80.98],[0.0842675,0.873996,0.3985,0.265006],[0,0,0,0],[9E+09,-30,0.00423255,9E+09,9E+09,9E+09]]],
     [[[184.43,695.20,80.98],[0.0842675,0.873996,0.3985,0.265006],[0,0,0,0],[9E+09,-30,0.00423255,9E+09,9E+09,9E+09]],[[184.43,695.20,80.98],[0.0842675,0.873996,0.3985,0.265006],[0,0,0,0],[9E+09,-30,0.00423255,9E+09,9E+09,9E+09]],[[184.43,695.20,80.98],[0.0842675,0.873996,0.3985,0.265006],[0,0,0,0],[9E+09,-30,0.00423255,9E+09,9E+09,9E+09]]],
     [[[184.43,695.20,80.98],[0.0842675,0.873996,0.3985,0.265006],[0,0,0,0],[9E+09,-30,0.00423255,9E+09,9E+09,9E+09]],[[184.43,695.20,80.98],[0.0842675,0.873996,0.3985,0.265006],[0,0,0,0],[9E+09,-30,0.00423255,9E+09,9E+09,9E+09]],[[184.43,695.20,80.98],[0.0842675,0.873996,0.3985,0.265006],[0,0,0,0],[9E+09,-30,0.00423255,9E+09,9E+09,9E+09]]],
     [[[184.43,695.20,80.98],[0.0842675,0.873996,0.3985,0.265006],[0,0,0,0],[9E+09,-30,0.00423255,9E+09,9E+09,9E+09]],[[184.43,695.20,80.98],[0.0842675,0.873996,0.3985,0.265006],[0,0,0,0],[9E+09,-30,0.00423255,9E+09,9E+09,9E+09]],[[184.43,695.20,80.98],[0.0842675,0.873996,0.3985,0.265006],[0,0,0,0],[9E+09,-30,0.00423255,9E+09,9E+09,9E+09]]],
     [[[184.43,695.20,80.98],[0.0842675,0.873996,0.3985,0.265006],[0,0,0,0],[9E+09,-30,0.00423255,9E+09,9E+09,9E+09]],[[184.43,695.20,80.98],[0.0842675,0.873996,0.3985,0.265006],[0,0,0,0],[9E+09,-30,0.00423255,9E+09,9E+09,9E+09]],[[184.43,695.20,80.98],[0.0842675,0.873996,0.3985,0.265006],[0,0,0,0],[9E+09,-30,0.00423255,9E+09,9E+09,9E+09]]],
     [[[184.43,695.20,80.98],[0.0842675,0.873996,0.3985,0.265006],[0,0,0,0],[9E+09,-30,0.00423255,9E+09,9E+09,9E+09]],[[184.43,695.20,80.98],[0.0842675,0.873996,0.3985,0.265006],[0,0,0,0],[9E+09,-30,0.00423255,9E+09,9E+09,9E+09]],[[184.43,695.20,80.98],[0.0842675,0.873996,0.3985,0.265006],[0,0,0,0],[9E+09,-30,0.00423255,9E+09,9E+09,9E+09]]],
     [[[184.43,695.20,80.98],[0.0842675,0.873996,0.3985,0.265006],[0,0,0,0],[9E+09,-30,0.00423255,9E+09,9E+09,9E+09]],[[184.43,695.20,80.98],[0.0842675,0.873996,0.3985,0.265006],[0,0,0,0],[9E+09,-30,0.00423255,9E+09,9E+09,9E+09]],[[184.43,695.20,80.98],[0.0842675,0.873996,0.3985,0.265006],[0,0,0,0],[9E+09,-30,0.00423255,9E+09,9E+09,9E+09]]],
     [[[184.43,695.20,80.98],[0.0842675,0.873996,0.3985,0.265006],[0,0,0,0],[9E+09,-30,0.00423255,9E+09,9E+09,9E+09]],[[184.43,695.20,80.98],[0.0842675,0.873996,0.3985,0.265006],[0,0,0,0],[9E+09,-30,0.00423255,9E+09,9E+09,9E+09]],[[184.43,695.20,80.98],[0.0842675,0.873996,0.3985,0.265006],[0,0,0,0],[9E+09,-30,0.00423255,9E+09,9E+09,9E+09]]],
     [[[184.43,695.20,80.98],[0.0842675,0.873996,0.3985,0.265006],[0,0,0,0],[9E+09,-30,0.00423255,9E+09,9E+09,9E+09]],[[184.43,695.20,80.98],[0.0842675,0.873996,0.3985,0.265006],[0,0,0,0],[9E+09,-30,0.00423255,9E+09,9E+09,9E+09]],[[184.43,695.20,80.98],[0.0842675,0.873996,0.3985,0.265006],[0,0,0,0],[9E+09,-30,0.00423255,9E+09,9E+09,9E+09]]],
     [[[184.43,695.20,80.98],[0.0842675,0.873996,0.3985,0.265006],[0,0,0,0],[9E+09,-30,0.00423255,9E+09,9E+09,9E+09]],[[184.43,695.20,80.98],[0.0842675,0.873996,0.3985,0.265006],[0,0,0,0],[9E+09,-30,0.00423255,9E+09,9E+09,9E+09]],[[184.43,695.20,80.98],[0.0842675,0.873996,0.3985,0.265006],[0,0,0,0],[9E+09,-30,0.00423255,9E+09,9E+09,9E+09]]],
	 [[[184.43,695.20,80.98],[0.0842675,0.873996,0.3985,0.265006],[0,0,0,0],[9E+09,-30,0.00423255,9E+09,9E+09,9E+09]],[[184.43,695.20,80.98],[0.0842675,0.873996,0.3985,0.265006],[0,0,0,0],[9E+09,-30,0.00423255,9E+09,9E+09,9E+09]],[[184.43,695.20,80.98],[0.0842675,0.873996,0.3985,0.265006],[0,0,0,0],[9E+09,-30,0.00423255,9E+09,9E+09,9E+09]]],
     [[[184.43,695.20,80.98],[0.0842675,0.873996,0.3985,0.265006],[0,0,0,0],[9E+09,-30,0.00423255,9E+09,9E+09,9E+09]],[[184.43,695.20,80.98],[0.0842675,0.873996,0.3985,0.265006],[0,0,0,0],[9E+09,-30,0.00423255,9E+09,9E+09,9E+09]],[[184.43,695.20,80.98],[0.0842675,0.873996,0.3985,0.265006],[0,0,0,0],[9E+09,-30,0.00423255,9E+09,9E+09,9E+09]]],
     [[[184.43,695.20,80.98],[0.0842675,0.873996,0.3985,0.265006],[0,0,0,0],[9E+09,-30,0.00423255,9E+09,9E+09,9E+09]],[[184.43,695.20,80.98],[0.0842675,0.873996,0.3985,0.265006],[0,0,0,0],[9E+09,-30,0.00423255,9E+09,9E+09,9E+09]],[[184.43,695.20,80.98],[0.0842675,0.873996,0.3985,0.265006],[0,0,0,0],[9E+09,-30,0.00423255,9E+09,9E+09,9E+09]]],
     [[[184.43,695.20,80.98],[0.0842675,0.873996,0.3985,0.265006],[0,0,0,0],[9E+09,-30,0.00423255,9E+09,9E+09,9E+09]],[[184.43,695.20,80.98],[0.0842675,0.873996,0.3985,0.265006],[0,0,0,0],[9E+09,-30,0.00423255,9E+09,9E+09,9E+09]],[[184.43,695.20,80.98],[0.0842675,0.873996,0.3985,0.265006],[0,0,0,0],[9E+09,-30,0.00423255,9E+09,9E+09,9E+09]]],
     [[[184.43,695.20,80.98],[0.0842675,0.873996,0.3985,0.265006],[0,0,0,0],[9E+09,-30,0.00423255,9E+09,9E+09,9E+09]],[[184.43,695.20,80.98],[0.0842675,0.873996,0.3985,0.265006],[0,0,0,0],[9E+09,-30,0.00423255,9E+09,9E+09,9E+09]],[[184.43,695.20,80.98],[0.0842675,0.873996,0.3985,0.265006],[0,0,0,0],[9E+09,-30,0.00423255,9E+09,9E+09,9E+09]]],
     [[[184.43,695.20,80.98],[0.0842675,0.873996,0.3985,0.265006],[0,0,0,0],[9E+09,-30,0.00423255,9E+09,9E+09,9E+09]],[[184.43,695.20,80.98],[0.0842675,0.873996,0.3985,0.265006],[0,0,0,0],[9E+09,-30,0.00423255,9E+09,9E+09,9E+09]],[[184.43,695.20,80.98],[0.0842675,0.873996,0.3985,0.265006],[0,0,0,0],[9E+09,-30,0.00423255,9E+09,9E+09,9E+09]]],
     [[[184.43,695.20,80.98],[0.0842675,0.873996,0.3985,0.265006],[0,0,0,0],[9E+09,-30,0.00423255,9E+09,9E+09,9E+09]],[[184.43,695.20,80.98],[0.0842675,0.873996,0.3985,0.265006],[0,0,0,0],[9E+09,-30,0.00423255,9E+09,9E+09,9E+09]],[[184.43,695.20,80.98],[0.0842675,0.873996,0.3985,0.265006],[0,0,0,0],[9E+09,-30,0.00423255,9E+09,9E+09,9E+09]]],
     [[[184.43,695.20,80.98],[0.0842675,0.873996,0.3985,0.265006],[0,0,0,0],[9E+09,-30,0.00423255,9E+09,9E+09,9E+09]],[[184.43,695.20,80.98],[0.0842675,0.873996,0.3985,0.265006],[0,0,0,0],[9E+09,-30,0.00423255,9E+09,9E+09,9E+09]],[[184.43,695.20,80.98],[0.0842675,0.873996,0.3985,0.265006],[0,0,0,0],[9E+09,-30,0.00423255,9E+09,9E+09,9E+09]]],
     [[[184.43,695.20,80.98],[0.0842675,0.873996,0.3985,0.265006],[0,0,0,0],[9E+09,-30,0.00423255,9E+09,9E+09,9E+09]],[[184.43,695.20,80.98],[0.0842675,0.873996,0.3985,0.265006],[0,0,0,0],[9E+09,-30,0.00423255,9E+09,9E+09,9E+09]],[[184.43,695.20,80.98],[0.0842675,0.873996,0.3985,0.265006],[0,0,0,0],[9E+09,-30,0.00423255,9E+09,9E+09,9E+09]]],
     [[[184.43,695.20,80.98],[0.0842675,0.873996,0.3985,0.265006],[0,0,0,0],[9E+09,-30,0.00423255,9E+09,9E+09,9E+09]],[[184.43,695.20,80.98],[0.0842675,0.873996,0.3985,0.265006],[0,0,0,0],[9E+09,-30,0.00423255,9E+09,9E+09,9E+09]],[[184.43,695.20,80.98],[0.0842675,0.873996,0.3985,0.265006],[0,0,0,0],[9E+09,-30,0.00423255,9E+09,9E+09,9E+09]]]];

VAR robtarget RR_CHAN_WELDS{40,3}:=[[ [[184.43,695.20,80.98],[0.0842675,0.873996,0.3985,0.265006],[0,0,0,0],[9E+09,-30,0.00423255,9E+09,9E+09,9E+09]],[[184.43,695.20,80.98],[0.0842675,0.873996,0.3985,0.265006],[0,0,0,0],[9E+09,-30,0.00423255,9E+09,9E+09,9E+09]],[[184.43,695.20,80.98],[0.0842675,0.873996,0.3985,0.265006],[0,0,0,0],[9E+09,-30,0.00423255,9E+09,9E+09,9E+09]]],
     [[[184.43,695.20,80.98],[0.0842675,0.873996,0.3985,0.265006],[0,0,0,0],[9E+09,-30,0.00423255,9E+09,9E+09,9E+09]],[[184.43,695.20,80.98],[0.0842675,0.873996,0.3985,0.265006],[0,0,0,0],[9E+09,-30,0.00423255,9E+09,9E+09,9E+09]],[[184.43,695.20,80.98],[0.0842675,0.873996,0.3985,0.265006],[0,0,0,0],[9E+09,-30,0.00423255,9E+09,9E+09,9E+09]]],
     [[[184.43,695.20,80.98],[0.0842675,0.873996,0.3985,0.265006],[0,0,0,0],[9E+09,-30,0.00423255,9E+09,9E+09,9E+09]],[[184.43,695.20,80.98],[0.0842675,0.873996,0.3985,0.265006],[0,0,0,0],[9E+09,-30,0.00423255,9E+09,9E+09,9E+09]],[[184.43,695.20,80.98],[0.0842675,0.873996,0.3985,0.265006],[0,0,0,0],[9E+09,-30,0.00423255,9E+09,9E+09,9E+09]]],
     [[[184.43,695.20,80.98],[0.0842675,0.873996,0.3985,0.265006],[0,0,0,0],[9E+09,-30,0.00423255,9E+09,9E+09,9E+09]],[[184.43,695.20,80.98],[0.0842675,0.873996,0.3985,0.265006],[0,0,0,0],[9E+09,-30,0.00423255,9E+09,9E+09,9E+09]],[[184.43,695.20,80.98],[0.0842675,0.873996,0.3985,0.265006],[0,0,0,0],[9E+09,-30,0.00423255,9E+09,9E+09,9E+09]]],
     [[[184.43,695.20,80.98],[0.0842675,0.873996,0.3985,0.265006],[0,0,0,0],[9E+09,-30,0.00423255,9E+09,9E+09,9E+09]],[[184.43,695.20,80.98],[0.0842675,0.873996,0.3985,0.265006],[0,0,0,0],[9E+09,-30,0.00423255,9E+09,9E+09,9E+09]],[[184.43,695.20,80.98],[0.0842675,0.873996,0.3985,0.265006],[0,0,0,0],[9E+09,-30,0.00423255,9E+09,9E+09,9E+09]]],
     [[[184.43,695.20,80.98],[0.0842675,0.873996,0.3985,0.265006],[0,0,0,0],[9E+09,-30,0.00423255,9E+09,9E+09,9E+09]],[[184.43,695.20,80.98],[0.0842675,0.873996,0.3985,0.265006],[0,0,0,0],[9E+09,-30,0.00423255,9E+09,9E+09,9E+09]],[[184.43,695.20,80.98],[0.0842675,0.873996,0.3985,0.265006],[0,0,0,0],[9E+09,-30,0.00423255,9E+09,9E+09,9E+09]]],
     [[[184.43,695.20,80.98],[0.0842675,0.873996,0.3985,0.265006],[0,0,0,0],[9E+09,-30,0.00423255,9E+09,9E+09,9E+09]],[[184.43,695.20,80.98],[0.0842675,0.873996,0.3985,0.265006],[0,0,0,0],[9E+09,-30,0.00423255,9E+09,9E+09,9E+09]],[[184.43,695.20,80.98],[0.0842675,0.873996,0.3985,0.265006],[0,0,0,0],[9E+09,-30,0.00423255,9E+09,9E+09,9E+09]]],
     [[[184.43,695.20,80.98],[0.0842675,0.873996,0.3985,0.265006],[0,0,0,0],[9E+09,-30,0.00423255,9E+09,9E+09,9E+09]],[[184.43,695.20,80.98],[0.0842675,0.873996,0.3985,0.265006],[0,0,0,0],[9E+09,-30,0.00423255,9E+09,9E+09,9E+09]],[[184.43,695.20,80.98],[0.0842675,0.873996,0.3985,0.265006],[0,0,0,0],[9E+09,-30,0.00423255,9E+09,9E+09,9E+09]]],
     [[[184.43,695.20,80.98],[0.0842675,0.873996,0.3985,0.265006],[0,0,0,0],[9E+09,-30,0.00423255,9E+09,9E+09,9E+09]],[[184.43,695.20,80.98],[0.0842675,0.873996,0.3985,0.265006],[0,0,0,0],[9E+09,-30,0.00423255,9E+09,9E+09,9E+09]],[[184.43,695.20,80.98],[0.0842675,0.873996,0.3985,0.265006],[0,0,0,0],[9E+09,-30,0.00423255,9E+09,9E+09,9E+09]]],
     [[[184.43,695.20,80.98],[0.0842675,0.873996,0.3985,0.265006],[0,0,0,0],[9E+09,-30,0.00423255,9E+09,9E+09,9E+09]],[[184.43,695.20,80.98],[0.0842675,0.873996,0.3985,0.265006],[0,0,0,0],[9E+09,-30,0.00423255,9E+09,9E+09,9E+09]],[[184.43,695.20,80.98],[0.0842675,0.873996,0.3985,0.265006],[0,0,0,0],[9E+09,-30,0.00423255,9E+09,9E+09,9E+09]]],
     [[[184.43,695.20,80.98],[0.0842675,0.873996,0.3985,0.265006],[0,0,0,0],[9E+09,-30,0.00423255,9E+09,9E+09,9E+09]],[[184.43,695.20,80.98],[0.0842675,0.873996,0.3985,0.265006],[0,0,0,0],[9E+09,-30,0.00423255,9E+09,9E+09,9E+09]],[[184.43,695.20,80.98],[0.0842675,0.873996,0.3985,0.265006],[0,0,0,0],[9E+09,-30,0.00423255,9E+09,9E+09,9E+09]]],
     [[[184.43,695.20,80.98],[0.0842675,0.873996,0.3985,0.265006],[0,0,0,0],[9E+09,-30,0.00423255,9E+09,9E+09,9E+09]],[[184.43,695.20,80.98],[0.0842675,0.873996,0.3985,0.265006],[0,0,0,0],[9E+09,-30,0.00423255,9E+09,9E+09,9E+09]],[[184.43,695.20,80.98],[0.0842675,0.873996,0.3985,0.265006],[0,0,0,0],[9E+09,-30,0.00423255,9E+09,9E+09,9E+09]]],
     [[[184.43,695.20,80.98],[0.0842675,0.873996,0.3985,0.265006],[0,0,0,0],[9E+09,-30,0.00423255,9E+09,9E+09,9E+09]],[[184.43,695.20,80.98],[0.0842675,0.873996,0.3985,0.265006],[0,0,0,0],[9E+09,-30,0.00423255,9E+09,9E+09,9E+09]],[[184.43,695.20,80.98],[0.0842675,0.873996,0.3985,0.265006],[0,0,0,0],[9E+09,-30,0.00423255,9E+09,9E+09,9E+09]]],
     [[[184.43,695.20,80.98],[0.0842675,0.873996,0.3985,0.265006],[0,0,0,0],[9E+09,-30,0.00423255,9E+09,9E+09,9E+09]],[[184.43,695.20,80.98],[0.0842675,0.873996,0.3985,0.265006],[0,0,0,0],[9E+09,-30,0.00423255,9E+09,9E+09,9E+09]],[[184.43,695.20,80.98],[0.0842675,0.873996,0.3985,0.265006],[0,0,0,0],[9E+09,-30,0.00423255,9E+09,9E+09,9E+09]]],
     [[[184.43,695.20,80.98],[0.0842675,0.873996,0.3985,0.265006],[0,0,0,0],[9E+09,-30,0.00423255,9E+09,9E+09,9E+09]],[[184.43,695.20,80.98],[0.0842675,0.873996,0.3985,0.265006],[0,0,0,0],[9E+09,-30,0.00423255,9E+09,9E+09,9E+09]],[[184.43,695.20,80.98],[0.0842675,0.873996,0.3985,0.265006],[0,0,0,0],[9E+09,-30,0.00423255,9E+09,9E+09,9E+09]]],
     [[[184.43,695.20,80.98],[0.0842675,0.873996,0.3985,0.265006],[0,0,0,0],[9E+09,-30,0.00423255,9E+09,9E+09,9E+09]],[[184.43,695.20,80.98],[0.0842675,0.873996,0.3985,0.265006],[0,0,0,0],[9E+09,-30,0.00423255,9E+09,9E+09,9E+09]],[[184.43,695.20,80.98],[0.0842675,0.873996,0.3985,0.265006],[0,0,0,0],[9E+09,-30,0.00423255,9E+09,9E+09,9E+09]]],
     [[[184.43,695.20,80.98],[0.0842675,0.873996,0.3985,0.265006],[0,0,0,0],[9E+09,-30,0.00423255,9E+09,9E+09,9E+09]],[[184.43,695.20,80.98],[0.0842675,0.873996,0.3985,0.265006],[0,0,0,0],[9E+09,-30,0.00423255,9E+09,9E+09,9E+09]],[[184.43,695.20,80.98],[0.0842675,0.873996,0.3985,0.265006],[0,0,0,0],[9E+09,-30,0.00423255,9E+09,9E+09,9E+09]]],
     [[[184.43,695.20,80.98],[0.0842675,0.873996,0.3985,0.265006],[0,0,0,0],[9E+09,-30,0.00423255,9E+09,9E+09,9E+09]],[[184.43,695.20,80.98],[0.0842675,0.873996,0.3985,0.265006],[0,0,0,0],[9E+09,-30,0.00423255,9E+09,9E+09,9E+09]],[[184.43,695.20,80.98],[0.0842675,0.873996,0.3985,0.265006],[0,0,0,0],[9E+09,-30,0.00423255,9E+09,9E+09,9E+09]]],
     [[[184.43,695.20,80.98],[0.0842675,0.873996,0.3985,0.265006],[0,0,0,0],[9E+09,-30,0.00423255,9E+09,9E+09,9E+09]],[[184.43,695.20,80.98],[0.0842675,0.873996,0.3985,0.265006],[0,0,0,0],[9E+09,-30,0.00423255,9E+09,9E+09,9E+09]],[[184.43,695.20,80.98],[0.0842675,0.873996,0.3985,0.265006],[0,0,0,0],[9E+09,-30,0.00423255,9E+09,9E+09,9E+09]]],
     [[[184.43,695.20,80.98],[0.0842675,0.873996,0.3985,0.265006],[0,0,0,0],[9E+09,-30,0.00423255,9E+09,9E+09,9E+09]],[[184.43,695.20,80.98],[0.0842675,0.873996,0.3985,0.265006],[0,0,0,0],[9E+09,-30,0.00423255,9E+09,9E+09,9E+09]],[[184.43,695.20,80.98],[0.0842675,0.873996,0.3985,0.265006],[0,0,0,0],[9E+09,-30,0.00423255,9E+09,9E+09,9E+09]]],
     [[[184.43,695.20,80.98],[0.0842675,0.873996,0.3985,0.265006],[0,0,0,0],[9E+09,-30,0.00423255,9E+09,9E+09,9E+09]],[[184.43,695.20,80.98],[0.0842675,0.873996,0.3985,0.265006],[0,0,0,0],[9E+09,-30,0.00423255,9E+09,9E+09,9E+09]],[[184.43,695.20,80.98],[0.0842675,0.873996,0.3985,0.265006],[0,0,0,0],[9E+09,-30,0.00423255,9E+09,9E+09,9E+09]]],
     [[[184.43,695.20,80.98],[0.0842675,0.873996,0.3985,0.265006],[0,0,0,0],[9E+09,-30,0.00423255,9E+09,9E+09,9E+09]],[[184.43,695.20,80.98],[0.0842675,0.873996,0.3985,0.265006],[0,0,0,0],[9E+09,-30,0.00423255,9E+09,9E+09,9E+09]],[[184.43,695.20,80.98],[0.0842675,0.873996,0.3985,0.265006],[0,0,0,0],[9E+09,-30,0.00423255,9E+09,9E+09,9E+09]]],
     [[[184.43,695.20,80.98],[0.0842675,0.873996,0.3985,0.265006],[0,0,0,0],[9E+09,-30,0.00423255,9E+09,9E+09,9E+09]],[[184.43,695.20,80.98],[0.0842675,0.873996,0.3985,0.265006],[0,0,0,0],[9E+09,-30,0.00423255,9E+09,9E+09,9E+09]],[[184.43,695.20,80.98],[0.0842675,0.873996,0.3985,0.265006],[0,0,0,0],[9E+09,-30,0.00423255,9E+09,9E+09,9E+09]]],
     [[[184.43,695.20,80.98],[0.0842675,0.873996,0.3985,0.265006],[0,0,0,0],[9E+09,-30,0.00423255,9E+09,9E+09,9E+09]],[[184.43,695.20,80.98],[0.0842675,0.873996,0.3985,0.265006],[0,0,0,0],[9E+09,-30,0.00423255,9E+09,9E+09,9E+09]],[[184.43,695.20,80.98],[0.0842675,0.873996,0.3985,0.265006],[0,0,0,0],[9E+09,-30,0.00423255,9E+09,9E+09,9E+09]]],
     [[[184.43,695.20,80.98],[0.0842675,0.873996,0.3985,0.265006],[0,0,0,0],[9E+09,-30,0.00423255,9E+09,9E+09,9E+09]],[[184.43,695.20,80.98],[0.0842675,0.873996,0.3985,0.265006],[0,0,0,0],[9E+09,-30,0.00423255,9E+09,9E+09,9E+09]],[[184.43,695.20,80.98],[0.0842675,0.873996,0.3985,0.265006],[0,0,0,0],[9E+09,-30,0.00423255,9E+09,9E+09,9E+09]]],
     [[[184.43,695.20,80.98],[0.0842675,0.873996,0.3985,0.265006],[0,0,0,0],[9E+09,-30,0.00423255,9E+09,9E+09,9E+09]],[[184.43,695.20,80.98],[0.0842675,0.873996,0.3985,0.265006],[0,0,0,0],[9E+09,-30,0.00423255,9E+09,9E+09,9E+09]],[[184.43,695.20,80.98],[0.0842675,0.873996,0.3985,0.265006],[0,0,0,0],[9E+09,-30,0.00423255,9E+09,9E+09,9E+09]]],
     [[[184.43,695.20,80.98],[0.0842675,0.873996,0.3985,0.265006],[0,0,0,0],[9E+09,-30,0.00423255,9E+09,9E+09,9E+09]],[[184.43,695.20,80.98],[0.0842675,0.873996,0.3985,0.265006],[0,0,0,0],[9E+09,-30,0.00423255,9E+09,9E+09,9E+09]],[[184.43,695.20,80.98],[0.0842675,0.873996,0.3985,0.265006],[0,0,0,0],[9E+09,-30,0.00423255,9E+09,9E+09,9E+09]]],
     [[[184.43,695.20,80.98],[0.0842675,0.873996,0.3985,0.265006],[0,0,0,0],[9E+09,-30,0.00423255,9E+09,9E+09,9E+09]],[[184.43,695.20,80.98],[0.0842675,0.873996,0.3985,0.265006],[0,0,0,0],[9E+09,-30,0.00423255,9E+09,9E+09,9E+09]],[[184.43,695.20,80.98],[0.0842675,0.873996,0.3985,0.265006],[0,0,0,0],[9E+09,-30,0.00423255,9E+09,9E+09,9E+09]]],
     [[[184.43,695.20,80.98],[0.0842675,0.873996,0.3985,0.265006],[0,0,0,0],[9E+09,-30,0.00423255,9E+09,9E+09,9E+09]],[[184.43,695.20,80.98],[0.0842675,0.873996,0.3985,0.265006],[0,0,0,0],[9E+09,-30,0.00423255,9E+09,9E+09,9E+09]],[[184.43,695.20,80.98],[0.0842675,0.873996,0.3985,0.265006],[0,0,0,0],[9E+09,-30,0.00423255,9E+09,9E+09,9E+09]]],
     [[[184.43,695.20,80.98],[0.0842675,0.873996,0.3985,0.265006],[0,0,0,0],[9E+09,-30,0.00423255,9E+09,9E+09,9E+09]],[[184.43,695.20,80.98],[0.0842675,0.873996,0.3985,0.265006],[0,0,0,0],[9E+09,-30,0.00423255,9E+09,9E+09,9E+09]],[[184.43,695.20,80.98],[0.0842675,0.873996,0.3985,0.265006],[0,0,0,0],[9E+09,-30,0.00423255,9E+09,9E+09,9E+09]]],
	 [[[184.43,695.20,80.98],[0.0842675,0.873996,0.3985,0.265006],[0,0,0,0],[9E+09,-30,0.00423255,9E+09,9E+09,9E+09]],[[184.43,695.20,80.98],[0.0842675,0.873996,0.3985,0.265006],[0,0,0,0],[9E+09,-30,0.00423255,9E+09,9E+09,9E+09]],[[184.43,695.20,80.98],[0.0842675,0.873996,0.3985,0.265006],[0,0,0,0],[9E+09,-30,0.00423255,9E+09,9E+09,9E+09]]],
     [[[184.43,695.20,80.98],[0.0842675,0.873996,0.3985,0.265006],[0,0,0,0],[9E+09,-30,0.00423255,9E+09,9E+09,9E+09]],[[184.43,695.20,80.98],[0.0842675,0.873996,0.3985,0.265006],[0,0,0,0],[9E+09,-30,0.00423255,9E+09,9E+09,9E+09]],[[184.43,695.20,80.98],[0.0842675,0.873996,0.3985,0.265006],[0,0,0,0],[9E+09,-30,0.00423255,9E+09,9E+09,9E+09]]],
     [[[184.43,695.20,80.98],[0.0842675,0.873996,0.3985,0.265006],[0,0,0,0],[9E+09,-30,0.00423255,9E+09,9E+09,9E+09]],[[184.43,695.20,80.98],[0.0842675,0.873996,0.3985,0.265006],[0,0,0,0],[9E+09,-30,0.00423255,9E+09,9E+09,9E+09]],[[184.43,695.20,80.98],[0.0842675,0.873996,0.3985,0.265006],[0,0,0,0],[9E+09,-30,0.00423255,9E+09,9E+09,9E+09]]],
     [[[184.43,695.20,80.98],[0.0842675,0.873996,0.3985,0.265006],[0,0,0,0],[9E+09,-30,0.00423255,9E+09,9E+09,9E+09]],[[184.43,695.20,80.98],[0.0842675,0.873996,0.3985,0.265006],[0,0,0,0],[9E+09,-30,0.00423255,9E+09,9E+09,9E+09]],[[184.43,695.20,80.98],[0.0842675,0.873996,0.3985,0.265006],[0,0,0,0],[9E+09,-30,0.00423255,9E+09,9E+09,9E+09]]],
     [[[184.43,695.20,80.98],[0.0842675,0.873996,0.3985,0.265006],[0,0,0,0],[9E+09,-30,0.00423255,9E+09,9E+09,9E+09]],[[184.43,695.20,80.98],[0.0842675,0.873996,0.3985,0.265006],[0,0,0,0],[9E+09,-30,0.00423255,9E+09,9E+09,9E+09]],[[184.43,695.20,80.98],[0.0842675,0.873996,0.3985,0.265006],[0,0,0,0],[9E+09,-30,0.00423255,9E+09,9E+09,9E+09]]],
     [[[184.43,695.20,80.98],[0.0842675,0.873996,0.3985,0.265006],[0,0,0,0],[9E+09,-30,0.00423255,9E+09,9E+09,9E+09]],[[184.43,695.20,80.98],[0.0842675,0.873996,0.3985,0.265006],[0,0,0,0],[9E+09,-30,0.00423255,9E+09,9E+09,9E+09]],[[184.43,695.20,80.98],[0.0842675,0.873996,0.3985,0.265006],[0,0,0,0],[9E+09,-30,0.00423255,9E+09,9E+09,9E+09]]],
     [[[184.43,695.20,80.98],[0.0842675,0.873996,0.3985,0.265006],[0,0,0,0],[9E+09,-30,0.00423255,9E+09,9E+09,9E+09]],[[184.43,695.20,80.98],[0.0842675,0.873996,0.3985,0.265006],[0,0,0,0],[9E+09,-30,0.00423255,9E+09,9E+09,9E+09]],[[184.43,695.20,80.98],[0.0842675,0.873996,0.3985,0.265006],[0,0,0,0],[9E+09,-30,0.00423255,9E+09,9E+09,9E+09]]],
     [[[184.43,695.20,80.98],[0.0842675,0.873996,0.3985,0.265006],[0,0,0,0],[9E+09,-30,0.00423255,9E+09,9E+09,9E+09]],[[184.43,695.20,80.98],[0.0842675,0.873996,0.3985,0.265006],[0,0,0,0],[9E+09,-30,0.00423255,9E+09,9E+09,9E+09]],[[184.43,695.20,80.98],[0.0842675,0.873996,0.3985,0.265006],[0,0,0,0],[9E+09,-30,0.00423255,9E+09,9E+09,9E+09]]],
     [[[184.43,695.20,80.98],[0.0842675,0.873996,0.3985,0.265006],[0,0,0,0],[9E+09,-30,0.00423255,9E+09,9E+09,9E+09]],[[184.43,695.20,80.98],[0.0842675,0.873996,0.3985,0.265006],[0,0,0,0],[9E+09,-30,0.00423255,9E+09,9E+09,9E+09]],[[184.43,695.20,80.98],[0.0842675,0.873996,0.3985,0.265006],[0,0,0,0],[9E+09,-30,0.00423255,9E+09,9E+09,9E+09]]],
     [[[184.43,695.20,80.98],[0.0842675,0.873996,0.3985,0.265006],[0,0,0,0],[9E+09,-30,0.00423255,9E+09,9E+09,9E+09]],[[184.43,695.20,80.98],[0.0842675,0.873996,0.3985,0.265006],[0,0,0,0],[9E+09,-30,0.00423255,9E+09,9E+09,9E+09]],[[184.43,695.20,80.98],[0.0842675,0.873996,0.3985,0.265006],[0,0,0,0],[9E+09,-30,0.00423255,9E+09,9E+09,9E+09]]]];

! ChanLam and Chan searches

PERS robtarget LL_ChanLam_Xs:=[[-315,167.5,36.707],[5.66804E-07,-0.719939,-0.694038,8.58113E-08],[0,1,-3,0],[9E+09,-45,0.00398376,9E+09,9E+09,9E+09]];
PERS robtarget LL_ChanLam_Xe:=[[-275,167.5,36.707],[1.64071E-07,-0.719937,-0.69404,4.08933E-07],[0,1,-3,0],[9E+09,-45,0.00398376,9E+09,9E+09,9E+09]];
PERS robtarget LL_Chan_Xs:=[[-309,757.5,36.707],[2.23894E-07,-0.719937,-0.69404,4.99141E-07],[0,1,-3,0],[9E+09,-45,0.00394822,9E+09,9E+09,9E+09]];
PERS robtarget LL_Chan_Xe:=[[-269,757.5,36.707],[5.56529E-07,0.719937,0.69404,1.1896E-06],[0,1,-3,0],[9E+09,-45,0.00398376,9E+09,9E+09,9E+09]];

PERS robtarget RL_ChanLam_Xs:=[[315,167.5,39.262],[2.58776E-06,-0.719939,-0.694037,1.11975E-08],[0,1,-3,0],[9E+09,-45,0.00398376,9E+09,9E+09,9E+09]];
PERS robtarget RL_ChanLam_Xe:=[[275,167.5,39.262],[1.85214E-06,-0.719938,-0.694039,7.39728E-07],[0,1,-3,0],[9E+09,-45,0.00398376,9E+09,9E+09,9E+09]];
PERS robtarget RL_Chan_Xs:=[[309,757.5,41.1448],[4.05915E-07,0.719938,0.694038,-1.35012E-06],[0,1,-3,0],[9E+09,-45,0.00398376,9E+09,9E+09,9E+09]];
PERS robtarget RL_Chan_Xe:=[[269,757.5,41.1448],[1.31705E-06,-0.719939,-0.694038,-6.77001E-07],[0,1,-3,0],[9E+09,-45,0.00394822,9E+09,9E+09,9E+09]];

PERS robtarget RR_ChanLam_Xs:=[[315,167.5,39.9118],[6.01662E-07,0.588726,-0.808333,-6.35659E-07],[-1,1,-2,0],[9E+09,-44.0856,180,9E+09,9E+09,9E+09]];
PERS robtarget RR_ChanLam_Xe:=[[275,167.5,39.9118],[2.60299E-07,0.588723,-0.808335,3.43015E-07],[-1,1,-2,0],[9E+09,-44.0856,180,9E+09,9E+09,9E+09]];
PERS robtarget RR_Chan_Xs:=[[309,757.5,39.1934],[2.36753E-07,-0.588727,0.808332,5.26239E-07],[-1,1,-2,0],[9E+09,-44.0856,180,9E+09,9E+09,9E+09]];
PERS robtarget RR_Chan_Xe:=[[269,757.5,39.1934],[9.04661E-07,0.588725,-0.808333,-2.14368E-07],[-1,1,-2,0],[9E+09,-44.0856,180,9E+09,9E+09,9E+09]];

PERS robtarget LR_ChanLam_Xs:=[[-315,167.5,41.7754],[2.52881E-07,0.588726,-0.808333,-1.78206E-07],[-1,1,-2,0],[9E+09,-44.0856,180,9E+09,9E+09,9E+09]];
PERS robtarget LR_ChanLam_Xe:=[[-275,167.5,41.7754],[2.91328E-07,0.588725,-0.808333,-5.94468E-07],[-1,1,-2,0],[9E+09,-44.0856,180,9E+09,9E+09,9E+09]];
PERS robtarget LR_Chan_Xs:=[[-309,757.5,41.0798],[2.22579E-05,-0.588712,0.808343,-6.78295E-05],[-1,1,-3,0],[9E+09,-44.0856,180,9E+09,9E+09,9E+09]];
PERS robtarget LR_Chan_Xe:=[[-269,757.5,41.0798],[2.14432E-05,-0.58871,0.808345,-6.79108E-05],[-1,1,-3,0],[9E+09,-44.0856,180,9E+09,9E+09,9E+09]];

PERS robtarget LL_ChanLam_Zs:=[[-309,167.5,109.5],[0.672196,-0.219437,-0.672197,0.219435],[0,1,-4,0],[9E+09,-45,0.00385937,9E+09,9E+09,9E+09]];
PERS robtarget LL_ChanLam_Ze:=[[-309,167.5,69.5],[0.672196,-0.219433,-0.672198,0.219437],[0,1,-4,0],[9E+09,-45,0.00385937,9E+09,9E+09,9E+09]];
PERS robtarget LL_Chan_Zs:=[[-309,757.5,109.5],[0.672196,-0.219434,-0.672197,0.219436],[0,1,-4,0],[9E+09,-45,0.00385937,9E+09,9E+09,9E+09]];
PERS robtarget LL_Chan_Ze:=[[-309,757.5,69.5],[0.672195,-0.219436,-0.672198,0.219436],[0,1,-4,0],[9E+09,-45,0.00385937,9E+09,9E+09,9E+09]];

PERS robtarget RL_ChanLam_Zs:=[[309,167.5,109.5],[0.184899,0.682505,0.1849,0.682504],[0,0,-1,0],[9E+09,-43.169,-1.8285,9E+09,9E+09,9E+09]];
PERS robtarget RL_ChanLam_Ze:=[[309,167.5,69.5],[0.184898,0.682507,0.184898,0.682503],[0,0,-1,0],[9E+09,-43.1689,-1.8285,9E+09,9E+09,9E+09]];
PERS robtarget RL_Chan_Zs:=[[309,757.5,109.5],[0.184898,0.682507,0.184899,0.682502],[0,0,-1,0],[9E+09,-43.1689,-1.8285,9E+09,9E+09,9E+09]];
PERS robtarget RL_Chan_Ze:=[[309,757.5,69.5],[0.184898,0.682506,0.184898,0.682504],[0,0,-1,0],[9E+09,-43.1689,-1.82854,9E+09,9E+09,9E+09]];

PERS robtarget RR_ChanLam_Zs:=[[309,167.5,109.5],[0.183528,-0.682873,0.183528,-0.682876],[-1,1,0,0],[9E+09,-45,180,9E+09,9E+09,9E+09]];
PERS robtarget RR_ChanLam_Ze:=[[309,167.5,69.5],[0.18353,-0.682873,0.183527,-0.682876],[-1,1,0,0],[9E+09,-45,180,9E+09,9E+09,9E+09]];
PERS robtarget RR_Chan_Zs:=[[309,757.5,109.5],[0.183545,-0.682889,0.183518,-0.682858],[-1,1,0,0],[9E+09,-45.0001,180,9E+09,9E+09,9E+09]];
PERS robtarget RR_Chan_Ze:=[[309,757.5,69.5],[0.183546,-0.682889,0.183519,-0.682858],[-1,1,0,0],[9E+09,-45.0001,180,9E+09,9E+09,9E+09]];

PERS robtarget LR_ChanLam_Zs:=[[-309,167.5,109.5],[0.703916,0.0670874,-0.703918,-0.067087],[-1,0,-1,0],[9E+09,-45,180,9E+09,9E+09,9E+09]];
PERS robtarget LR_ChanLam_Ze:=[[-309,167.5,69.5],[0.703917,0.0670859,-0.703917,-0.0670864],[-1,0,-1,0],[9E+09,-45,180,9E+09,9E+09,9E+09]];
PERS robtarget LR_Chan_Zs:=[[-309,757.5,109.5],[0.703917,0.0670848,-0.703917,-0.0670882],[-1,0,-1,0],[9E+09,-45,180,9E+09,9E+09,9E+09]];
PERS robtarget LR_Chan_Ze:=[[-309,757.5,69.5],[0.703917,0.0670878,-0.703917,-0.067088],[-1,0,-1,0],[9E+09,-45,180,9E+09,9E+09,9E+09]];

PERS robtarget Found_ChanLam_X:=[[-274.721,167.511,41.7626],[2.71318E-05,-0.588733,0.808327,-3.01854E-05],[-1,1,-2,0],[9E+09,-44.0856,180,9E+09,9E+09,9E+09]];
PERS robtarget Found_Chan_X:=[[-272.124,757.5,41.0922],[2.80223E-05,-0.588695,0.808355,-5.46964E-05],[-1,1,-3,0],[9E+09,-44.0856,180,9E+09,9E+09,9E+09]];


PROC Plan_Duh_Chan()
    
    
    ALL_Chan_Plan 50;
    WaitTime\InPos,.2;
    LLnRR_CHAN_PLAN Horiz_Y1;
    WaitTime\InPos,.2;
    LLnRR_CHAN_PLAN Horiz_Y2;
    WaitTime\InPos,.2;
    LLnRR_CHAN_PLAN Horiz_Y3;
    WaitTime\InPos,.2;
    LLnRR_CHAN_PLAN Horiz_Y4;
    WaitTime\InPos,.2;
    LRnRL_CHAN_PLAN "Anchor";
    WaitTime\InPos,.2;
    LRnRL_CHAN_PLAN "Push_Stop";
    WaitTime\InPos,.2;
    LRnRL_CHAN_PLAN "Chan_Bottom";
    WaitTime\InPos,.2;
    LRnRL_CHAN_PLAN "Y3";
    WaitTime\InPos,.2;
    LRnRL_CHAN_PLAN "Y4";
    WaitTime\InPos,.2;    
	
	
FOR z FROM 2 TO How_Many
STEP + 1 DO
 ! added 7/10/20/SS
	! if TIGHTBOX = TRUE then skip everything above it...
	! this may have a flaw, if there is a tight box in the middle of the part and not a TIGHTBOX above it..
	! but I have never seen one like that before.
 
IF (LR_CHAN_WELDS{z,1}.trans.Y > HORIZ_Y3 or LR_CHAN_WELDS{z,2}.trans.Y > HORIZ_Y3 or LR_CHAN_WELDS{z,3}.trans.Y > HORIZ_Y3) AND Y3_TightBox = TRUE  THEN
		    LR_CHAN_NOTES{z,1} := "SKIP";        
			RL_CHAN_NOTES{z,1} := "SKIP";
ENDIF   

IF  RL_CHAN_WELDS{z,1}.trans.Y > HORIZ_Y4 AND Y4_TightBox = TRUE  THEN
		    LR_CHAN_NOTES{z,1} := "SKIP";        
			RL_CHAN_NOTES{z,1} := "SKIP";
ENDIF   
ENDFOR
	
    
ENDPROC

 

PROC ALL_OF_THE_CHANNELS()

    SET_CHAN_SEARCHES;
    ActUnit STN1;
    Plan_Duh_Chan;
    WELD_LL_CHANNEL;
    WELD_RL_CHANNEL;
    WELD_RR_CHANNEL;
    WELD_LR_CHANNEL;
    This_Channel_Sucks:
    
ENDPROC
     
    PROC SET_CHAN_SEARCHES()

        
        !!!@@@@@@@@@@@@@@@@@@@@@@@
        LL_ChanLam_Xs.TRANS.X := LX2 - NOZZLE_RADIUS - SEARCH_LENGTH;
        LL_ChanLam_Xe.TRANS.X := LX2 - NOZZLE_RADIUS;
        LL_Chan_Xs.TRANS.X := LX2 + BAR_THICKNESS - NOZZLE_RADIUS - SEARCH_LENGTH;
        LL_Chan_Xe.TRANS.X := LX2 + BAR_THICKNESS - NOZZLE_RADIUS;
        !!!!!!!!!!@
        LR_ChanLam_Xs.TRANS.X := LX2 - NOZZLE_RADIUS - SEARCH_LENGTH;
        LR_ChanLam_Xe.TRANS.X := LX2 - NOZZLE_RADIUS;
        LR_Chan_Xs.TRANS.X := LX2 + BAR_THICKNESS - NOZZLE_RADIUS - SEARCH_LENGTH;
        LR_Chan_Xe.TRANS.X := LX2 + BAR_THICKNESS - NOZZLE_RADIUS;        
        
        !!!!!!!!!!#
        RR_ChanLam_Xs.TRANS.X := RX2 + NOZZLE_RADIUS + SEARCH_LENGTH;
        RR_ChanLam_Xe.TRANS.X := RX2 + NOZZLE_RADIUS;
        RR_Chan_Xs.TRANS.X := RX2 - BAR_THICKNESS + NOZZLE_RADIUS + SEARCH_LENGTH;
        RR_Chan_Xe.TRANS.X := RX2 - BAR_THICKNESS + NOZZLE_RADIUS;
        
        RL_ChanLam_Xs.TRANS.X := RX2 + NOZZLE_RADIUS + SEARCH_LENGTH;
        RL_ChanLam_Xe.TRANS.X := RX2 + NOZZLE_RADIUS;
        RL_Chan_Xs.TRANS.X := RX2 - BAR_THICKNESS + NOZZLE_RADIUS + SEARCH_LENGTH;
        RL_Chan_Xe.TRANS.X := RX2 - BAR_THICKNESS + NOZZLE_RADIUS;
        
        
        LL_ChanLam_Zs.TRANS.X := LX2 - (NOZZLE_LENGTH/2);
        LL_ChanLam_Ze.TRANS.X :=  LX2 - (NOZZLE_LENGTH/2);
        LL_Chan_Zs.TRANS.X :=  LX2 - (NOZZLE_LENGTH/2);
        LL_Chan_Ze.TRANS.X :=  LX2 - (NOZZLE_LENGTH/2);
        !!!!!!!!!!@
        LR_ChanLam_Zs.TRANS.X :=  LX2 - (NOZZLE_LENGTH/2);
        LR_ChanLam_Ze.TRANS.X :=  LX2 - (NOZZLE_LENGTH/2);
        LR_Chan_Zs.TRANS.X :=  LX2 - (NOZZLE_LENGTH/2);
        LR_Chan_Ze.TRANS.X :=  LX2 - (NOZZLE_LENGTH/2);        
        
        !!!!!!!!!!#
        RR_ChanLam_Zs.TRANS.X := RX2 + (NOZZLE_LENGTH/2);
        RR_ChanLam_Ze.TRANS.X := RX2 + (NOZZLE_LENGTH/2);
        RR_Chan_Zs.TRANS.X := RX2 + (NOZZLE_LENGTH/2);
        RR_Chan_Ze.TRANS.X :=  RX2 + (NOZZLE_LENGTH/2);
        
        RL_ChanLam_Zs.TRANS.X := RX2 + (NOZZLE_LENGTH/2);
        RL_ChanLam_Ze.TRANS.X := RX2 + (NOZZLE_LENGTH/2);
        RL_Chan_Zs.TRANS.X := RX2 + (NOZZLE_LENGTH/2);
        RL_Chan_Ze.TRANS.X := RX2 + (NOZZLE_LENGTH/2);
        
        LL_ChanLam_Zs.TRANS.Z := TOP_O_BARZ + SEARCH_LENGTH;
        LL_ChanLam_Ze.TRANS.Z := TOP_O_BARZ ;
        LL_Chan_Zs.TRANS.Z := TOP_O_BARZ + SEARCH_LENGTH;
        LL_Chan_Ze.TRANS.Z := TOP_O_BARZ ;      
      
        LR_ChanLam_Zs.TRANS.Z := TOP_O_BARZ + SEARCH_LENGTH;
        LR_ChanLam_Ze.TRANS.Z := TOP_O_BARZ ;   
        LR_Chan_Zs.TRANS.Z := TOP_O_BARZ  + SEARCH_LENGTH;
        LR_Chan_Ze.TRANS.Z := TOP_O_BARZ ;      
        
        RR_ChanLam_Zs.TRANS.Z := TOP_O_BARZ + SEARCH_LENGTH;  
        RR_ChanLam_Ze.TRANS.Z := TOP_O_BARZ ;
        RR_Chan_Zs.TRANS.Z := TOP_O_BARZ  + SEARCH_LENGTH;
        RR_Chan_Ze.TRANS.Z := TOP_O_BARZ ;         
        
        RL_ChanLam_Zs.TRANS.Z := TOP_O_BARZ + SEARCH_LENGTH;
        RL_ChanLam_Ze.TRANS.Z := TOP_O_BARZ ;
        RL_Chan_Zs.TRANS.Z := TOP_O_BARZ + SEARCH_LENGTH;
        RL_Chan_Ze.TRANS.Z :=TOP_O_BARZ ;     

           IF LOAD_PUSH = FALSE THEN 
      
        LL_ChanLam_Xs.TRANS.Y := HORIZ_Y2 + BAR_THICKNESS + NOZZLE_RADIUS + SEARCH_LENGTH;
        LL_ChanLam_Xe.TRANS.Y := HORIZ_Y2 + BAR_THICKNESS + NOZZLE_RADIUS + SEARCH_LENGTH;  
        LL_Chan_Xs.TRANS.Y := Top_Of_Chan_Y - ( CHANNEL_LENGTH/2);
        LL_Chan_Xe.TRANS.Y := Top_Of_Chan_Y - ( CHANNEL_LENGTH/2);       
      
        LR_ChanLam_Xs.TRANS.Y := HORIZ_Y2 + BAR_THICKNESS + NOZZLE_RADIUS + SEARCH_LENGTH;
        LR_ChanLam_Xe.TRANS.Y := HORIZ_Y2 + BAR_THICKNESS + NOZZLE_RADIUS + SEARCH_LENGTH;   
        LR_Chan_Xs.TRANS.Y := Top_Of_Chan_Y - ( CHANNEL_LENGTH/2);
        LR_Chan_Xe.TRANS.Y := Top_Of_Chan_Y - ( CHANNEL_LENGTH/2);       
        
        RR_ChanLam_Xs.TRANS.Y := HORIZ_Y2 + BAR_THICKNESS + NOZZLE_RADIUS + SEARCH_LENGTH;  
        RR_ChanLam_Xe.TRANS.Y := HORIZ_Y2 + BAR_THICKNESS + NOZZLE_RADIUS + SEARCH_LENGTH;
        RR_Chan_Xs.TRANS.Y := Top_Of_Chan_Y - ( CHANNEL_LENGTH/2);
        RR_Chan_Xe.TRANS.Y := Top_Of_Chan_Y - ( CHANNEL_LENGTH/2);         
        
        RL_ChanLam_Xs.TRANS.Y := HORIZ_Y2 + BAR_THICKNESS + NOZZLE_RADIUS + SEARCH_LENGTH;
        RL_ChanLam_Xe.TRANS.Y := HORIZ_Y2 + BAR_THICKNESS + NOZZLE_RADIUS + SEARCH_LENGTH;
        RL_Chan_Xs.TRANS.Y := Top_Of_Chan_Y - ( CHANNEL_LENGTH/2);
        RL_Chan_Xe.TRANS.Y := Top_Of_Chan_Y - ( CHANNEL_LENGTH/2);       
        
        
        LL_ChanLam_Zs.TRANS.Y := HORIZ_Y2 + BAR_THICKNESS + NOZZLE_RADIUS + SEARCH_LENGTH;
        LL_ChanLam_Ze.TRANS.Y := HORIZ_Y2 + BAR_THICKNESS + NOZZLE_RADIUS + SEARCH_LENGTH;  
        LL_Chan_Zs.TRANS.Y := Top_Of_Chan_Y - ( CHANNEL_LENGTH/2);
        LL_Chan_Ze.TRANS.Y := Top_Of_Chan_Y - ( CHANNEL_LENGTH/2);       
      
        LR_ChanLam_Zs.TRANS.Y := HORIZ_Y2 + BAR_THICKNESS + NOZZLE_RADIUS + SEARCH_LENGTH;
        LR_ChanLam_Ze.TRANS.Y := HORIZ_Y2 + BAR_THICKNESS + NOZZLE_RADIUS + SEARCH_LENGTH;   
        LR_Chan_Zs.TRANS.Y := Top_Of_Chan_Y - ( CHANNEL_LENGTH/2);
        LR_Chan_Ze.TRANS.Y := Top_Of_Chan_Y - ( CHANNEL_LENGTH/2);       
        
        RR_ChanLam_Zs.TRANS.Y := HORIZ_Y2 + BAR_THICKNESS + NOZZLE_RADIUS + SEARCH_LENGTH;  
        RR_ChanLam_Ze.TRANS.Y := HORIZ_Y2 + BAR_THICKNESS + NOZZLE_RADIUS + SEARCH_LENGTH;
        RR_Chan_Zs.TRANS.Y := Top_Of_Chan_Y - ( CHANNEL_LENGTH/2);
        RR_Chan_Ze.TRANS.Y := Top_Of_Chan_Y - ( CHANNEL_LENGTH/2);         
        
        RL_ChanLam_Zs.TRANS.Y := HORIZ_Y2 + BAR_THICKNESS + NOZZLE_RADIUS + SEARCH_LENGTH;
        RL_ChanLam_Ze.TRANS.Y := HORIZ_Y2 + BAR_THICKNESS + NOZZLE_RADIUS + SEARCH_LENGTH;
        RL_Chan_Zs.TRANS.Y := Top_Of_Chan_Y - ( CHANNEL_LENGTH/2);
        RL_Chan_Ze.TRANS.Y := Top_Of_Chan_Y - ( CHANNEL_LENGTH/2);       

        
        ELSEIF LOAD_PUSH = TRUE THEN
        
        LL_ChanLam_Xs.TRANS.Y :=  HORIZ_Y1 + BAR_THICKNESS + NOZZLE_RADIUS + SEARCH_LENGTH;
        LL_ChanLam_Xe.TRANS.Y :=  HORIZ_Y1 + BAR_THICKNESS + NOZZLE_RADIUS + SEARCH_LENGTH;
        LL_Chan_Xs.TRANS.Y := Top_Of_Chan_Y - ( CHANNEL_LENGTH/2);
        LL_Chan_Xe.TRANS.Y := Top_Of_Chan_Y - ( CHANNEL_LENGTH/2);            
       
        RR_ChanLam_Xs.TRANS.Y :=  HORIZ_Y1 + BAR_THICKNESS + NOZZLE_RADIUS + SEARCH_LENGTH;
        RR_ChanLam_Xe.TRANS.Y :=  HORIZ_Y1 + BAR_THICKNESS + NOZZLE_RADIUS + SEARCH_LENGTH;
        RR_Chan_Xs.TRANS.Y := Top_Of_Chan_Y - ( CHANNEL_LENGTH/2);
        RR_Chan_Xe.TRANS.Y := Top_Of_Chan_Y - ( CHANNEL_LENGTH/2);            
     
        LR_ChanLam_Xs.TRANS.Y :=  HORIZ_Y1 + BAR_THICKNESS + NOZZLE_RADIUS + SEARCH_LENGTH;
        LR_ChanLam_Xe.TRANS.Y :=  HORIZ_Y1 + BAR_THICKNESS + NOZZLE_RADIUS + SEARCH_LENGTH;
        LR_Chan_Xs.TRANS.Y := Top_Of_Chan_Y - ( CHANNEL_LENGTH/2);
        LR_Chan_Xe.TRANS.Y := Top_Of_Chan_Y - ( CHANNEL_LENGTH/2);            
        
        RL_ChanLam_Xs.TRANS.Y :=  HORIZ_Y1 + BAR_THICKNESS + NOZZLE_RADIUS + SEARCH_LENGTH;
        RL_ChanLam_Xe.TRANS.Y :=  HORIZ_Y1 + BAR_THICKNESS + NOZZLE_RADIUS + SEARCH_LENGTH;
        RL_Chan_Xs.TRANS.Y := Top_Of_Chan_Y - ( CHANNEL_LENGTH/2);
        RL_Chan_Xe.TRANS.Y := Top_Of_Chan_Y - ( CHANNEL_LENGTH/2);            
   
        
        LL_ChanLam_Zs.TRANS.Y :=  HORIZ_Y1 + BAR_THICKNESS + NOZZLE_RADIUS + SEARCH_LENGTH;
        LL_ChanLam_Ze.TRANS.Y :=  HORIZ_Y1 + BAR_THICKNESS + NOZZLE_RADIUS + SEARCH_LENGTH;
        LL_Chan_Zs.TRANS.Y := Top_Of_Chan_Y - ( CHANNEL_LENGTH/2);
        LL_Chan_Ze.TRANS.Y := Top_Of_Chan_Y - ( CHANNEL_LENGTH/2);            
       
        RR_ChanLam_Zs.TRANS.Y :=  HORIZ_Y1 + BAR_THICKNESS + NOZZLE_RADIUS + SEARCH_LENGTH;
        RR_ChanLam_Ze.TRANS.Y :=  HORIZ_Y1 + BAR_THICKNESS + NOZZLE_RADIUS + SEARCH_LENGTH;
        RR_Chan_Zs.TRANS.Y := Top_Of_Chan_Y - ( CHANNEL_LENGTH/2);
        RR_Chan_Ze.TRANS.Y := Top_Of_Chan_Y - ( CHANNEL_LENGTH/2);            
     
        LR_ChanLam_Zs.TRANS.Y :=  HORIZ_Y1 + BAR_THICKNESS + NOZZLE_RADIUS + SEARCH_LENGTH;
        LR_ChanLam_Ze.TRANS.Y :=  HORIZ_Y1 + BAR_THICKNESS + NOZZLE_RADIUS + SEARCH_LENGTH;
        LR_Chan_Zs.TRANS.Y := Top_Of_Chan_Y - ( CHANNEL_LENGTH/2);
        LR_Chan_Ze.TRANS.Y := Top_Of_Chan_Y - ( CHANNEL_LENGTH/2);            
        
        RL_ChanLam_Zs.TRANS.Y :=  HORIZ_Y1 + BAR_THICKNESS + NOZZLE_RADIUS + SEARCH_LENGTH;
        RL_ChanLam_Ze.TRANS.Y :=  HORIZ_Y1 + BAR_THICKNESS + NOZZLE_RADIUS + SEARCH_LENGTH;
        RL_Chan_Zs.TRANS.Y := Top_Of_Chan_Y - ( CHANNEL_LENGTH/2);
        RL_Chan_Ze.TRANS.Y := Top_Of_Chan_Y - ( CHANNEL_LENGTH/2);            
       
        ENDIF 
        WAITTIME\INPOS, 1;
        
        ENDPROC
    
    
    PROC WELD_LL_CHANNEL()
    
    ActUnit Stn1;
    AccSet 100, STOP_DA_SLOP;
    PDispOff;
   
    MoveJ [[-262.03,450.00,360.03],[0.0589426,0.939499,0.2242,0.252193],[0,1,-2,0],[9E+09,-25,0.00394822,9E+09,9E+09,9E+09]], V500, Z100, tWeldGun\WObj:=WobJ_FacePlates;
 
    MoveJ OFFS(LL_ChanLam_Zs,0,0,250),v1000,Z100,tWeldGun\WObj:=WobJ_FacePlates;
    MoveL Offs(LL_ChanLam_Zs,0,0,50),v1000,Z100,tWeldGun\WObj:=WobJ_FacePlates;
    
    Search_1D SR_ChanLam_FOUND\SearchStop:=CHANLAM_Found_Z, LL_ChanLam_Zs, LL_ChanLam_Ze, V200, tWeldGun\WObj:=WobJ_FacePlates\SchSpeed:=15;
    XnY_Depth LL_ChanLam_Xs, LL_ChanLam_Xe, Found_Z, 23;
    
    MoveL Offs(LL_ChanLam_Zs,0,0,100),v1000,Z100,tWeldGun\WObj:=WobJ_FacePlates;
    MoveL Offs(LL_Chan_Zs,0,0,100),v1000,Z100,tWeldGun\WObj:=WobJ_FacePlates;
    
    Search_1D SR_Chan_FOUND\SearchStop:=CHAN_Found_Z, LL_Chan_Zs, LL_Chan_Ze, V200, tWeldGun\WObj:=WobJ_FacePlates\SchSpeed:=15;
    XnY_Depth LL_Chan_Xs, LL_Chan_Xe, Found_Z, 23;
    SET_CHAN_Zs "LL";
    
    MoveL Offs(LL_Chan_Zs,0,0,250),v1000,Z100,tWeldGun\WObj:=WobJ_FacePlates;
    MoveJ Offs(LL_ChanLam_Xs,0,0,150),v1000,Z100,tWeldGun\WObj:=WobJ_FacePlates;
    MoveL RelTooL(LL_ChanLam_Xs,0,0,-75),v1000,Z100,tWeldGun\WObj:=WobJ_FacePlates;
    
    Search_1D SR_ChanLam_FOUND\SearchStop:=Found_ChanLam_X, LL_ChanLam_Xs, LL_ChanLam_Xe, V200, tWeldGun\WObj:=WobJ_FacePlates\SchSpeed:=15;
    
    MoveL RelTooL(LL_ChanLam_Xs,0,0,-100),v1000,Z100,tWeldGun\WObj:=WobJ_FacePlates;
    MoveL RelTooL(LL_Chan_Xs,0,0,-100),v1000,Z100,tWeldGun\WObj:=WobJ_FacePlates;
    
    Search_1D SR_Chan_FOUND\SearchStop:=Found_Chan_X, LL_Chan_Xs, LL_Chan_Xe, V200, tWeldGun\WObj:=WobJ_FacePlates\SchSpeed:=15;
   
    MoveL RelTooL(LL_Chan_Xs,0,0,-150),v1000,Z100,tWeldGun\WObj:=WobJ_FacePlates;
    PDispOff;    
   
    SET_LL_ChanX;


  IF WeldEVENs_Outside_LLnRR = TRUE THEN
    FOR w FROM 2 TO How_Many
     STEP +2 DO
        GENERIC_LL_STITCH w;
           IF w+2 > How_Many THEN
           BACK_AWAY 450;
               ! MoveL Offs(LL_CHAN_WELDS{w,1},0,0,250),V500,Z10,tWeldGun\WObj:=WobJ_FacePlates;
           ENDIF
    ENDFOR
    
  ELSEIF WeldEVENs_Outside_LLnRR = FALSE THEN
    FOR w FROM 1 TO How_Many
     STEP +2 DO
        GENERIC_LL_STITCH w;
           IF w+2 > How_Many THEN
           BACK_AWAY 450;
               !MoveL Offs(LL_CHAN_WELDS{w,1},0,0,250),V500,Z100,tWeldGun\WObj:=WobJ_FacePlates;
           ENDIF
    ENDFOR
  ENDIF
  THATS_THE_LL_WELDS:
    ENDPROC
    
    
    
    PROC WELD_RL_CHANNEL()
    

    ActUnit STN1;
    AccSet 100, STOP_DA_SLOP;
    PDispOff;
       
    MoveJ OFFS(RL_ChanLam_Zs,0,0,250),v1000,Z100,tWeldGun\WObj:=WobJ_FacePlates;
   
    Search_1D SR_ChanLam_FOUND\SearchStop:=Found_Z, RL_ChanLam_Zs, RL_ChanLam_Ze, V200, tWeldGun\WObj:=WobJ_FacePlates\SchSpeed:=15;
    XnY_Depth RL_ChanLam_Xs, RL_ChanLam_Xe, Found_Z, 23;
    
    MoveL Offs(RL_ChanLam_Zs,0,0,100),v1000,Z100,tWeldGun\WObj:=WobJ_FacePlates;
    MoveL Offs(RL_Chan_Zs,0,0,100),v1000,Z100,tWeldGun\WObj:=WobJ_FacePlates;
    
    Search_1D SR_Chan_FOUND\SearchStop:=Found_Z, RL_Chan_Zs, RL_Chan_Ze, V200, tWeldGun\WObj:=WobJ_FacePlates\SchSpeed:=15;
    XnY_Depth RL_Chan_Xs, RL_Chan_Xe, Found_Z, 23;
    SET_CHAN_Zs "RL";
    
    MoveJ OFFS(RL_Chan_Zs,0,0,250),v1000,Z100,tWeldGun\WObj:=WobJ_FacePlates;
    MoveJ OFFS(RL_ChanLam_Xs,0,0,350),v1000,Z100,tWeldGun\WObj:=WobJ_FacePlates;
   
    MoveL RelTooL(RL_ChanLam_Xs,0,0,-75),v1000,Z100,tWeldGun\WObj:=WobJ_FacePlates;
    Search_1D SR_ChanLam_FOUND\SearchStop:=Found_ChanLam_X, RL_ChanLam_Xs, RL_ChanLam_Xe, V200, tWeldGun\WObj:=WobJ_FacePlates\SchSpeed:=15;
    
    MoveL RelTooL(RL_ChanLam_Xs,0,0,-100),v1000,Z100,tWeldGun\WObj:=WobJ_FacePlates;
    
    MoveL RelTooL(RL_Chan_Xs,0,0,-100),v1000,Z100,tWeldGun\WObj:=WobJ_FacePlates;
    Search_1D SR_Chan_FOUND\SearchStop:=Found_Chan_X, RL_Chan_Xs, RL_Chan_Xe, V200, tWeldGun\WObj:=WobJ_FacePlates\SchSpeed:=15;
   
    MoveL RelTooL(RL_Chan_Xs,0,0,-250),v1000,Z100,tWeldGun\WObj:=WobJ_FacePlates;
    PDispOff;
    
    SET_RL_ChanX;

    MoveL Offs(RL_CHAN_WELDS{1,1},0,0,250),v1000,Z100,tWeldGun\WObj:=WobJ_FacePlates;

  IF WeldODDs_Inside_LRnRL = TRUE THEN
    FOR w FROM 1 TO How_Many
     STEP +2 DO
        GENERIC_RL_STITCH w;
           IF w+2 > How_Many THEN
           BACK_AWAY 450;
               !MoveL Offs(RL_CHAN_WELDS{w,1},0,0,250),V500,Z10,tWeldGun\WObj:=WobJ_FacePlates;
           ENDIF
    ENDFOR
    
  ELSEIF WeldODDs_Inside_LRnRL = FALSE THEN
    FOR w FROM 2 TO How_Many
     STEP +2 DO
        GENERIC_RL_STITCH w;      
           IF w+2 > How_Many THEN
           BACK_AWAY 450;
               !MoveL Offs(RL_CHAN_WELDS{w,1},0,0,250),V500,Z10,tWeldGun\WObj:=WobJ_FacePlates;
           ENDIF
    ENDFOR
  ENDIF
!! RIGHT SIDE CHANNEL
MoveJ [[265.54,450.03,360.04],[0.252165,0.224699,-0.93938,-0.0590574],[-1,0,-2,0],[9E+09,-30,180,9E+09,9E+09,9E+09]], v1000, Z50, tWeldGun\WObj:=WobJ_FacePlates;
    THATS_THE_RL_WELDS:
    ENDPROC
      
    

    
PROC WELD_RR_CHANNEL()
   
    ActUnit STN1;
    AccSet 100, STOP_DA_SLOP;
    PDispOff;

    MoveJ OFFS(RR_ChanLam_Zs,0,0,250),v1000,Z100,tWeldGun\WObj:=WobJ_FacePlates;
   
    Search_1D SR_ChanLam_FOUND\SearchStop:=Found_Z, RR_ChanLam_Zs, RR_ChanLam_Ze, V200, tWeldGun\WObj:=WobJ_FacePlates\SchSpeed:=15;  
    XnY_Depth RR_ChanLam_Xs, RR_ChanLam_Xe, Found_Z, 23;
    
    MoveL Offs(RR_ChanLam_Zs,0,0,100),v1000,Z100,tWeldGun\WObj:=WobJ_FacePlates;
    MoveL offs(RR_Chan_Zs,0,0,100),v1000,Z100,tWeldGun\WObj:=WobJ_FacePlates;
    
    Search_1D SR_Chan_FOUND\SearchStop:=Found_Z, RR_Chan_Zs, RR_Chan_Ze, V200, tWeldGun\WObj:=WobJ_FacePlates\SchSpeed:=15;  
    XnY_Depth RR_Chan_Xs, RR_Chan_Xe, Found_Z, 23;
    SET_CHAN_Zs "RR";
    
    MoveL OFFS(RR_Chan_Zs,0,0,250),v1000,Z100,tWeldGun\WObj:=WobJ_FacePlates;
    MoveJ OFFS(RR_ChanLam_Xs,0,0,250),v1000,Z100,tWeldGun\WObj:=WobJ_FacePlates;
    MoveL RelTooL(RR_ChanLam_Xs,0,0,-175),v1000,Z100,tWeldGun\WObj:=WobJ_FacePlates;
    
    Search_1D SR_ChanLam_FOUND\SearchStop:=Found_ChanLam_X, RR_ChanLam_Xs, RR_ChanLam_Xe, V200, tWeldGun\WObj:=WobJ_FacePlates\SchSpeed:=15;
    
    MoveL RelTooL(RR_ChanLam_Xs,0,0,-100),v1000,Z100,tWeldGun\WObj:=WobJ_FacePlates;
    MoveL RelTooL(RR_Chan_Xs,0,0,-100),v1000,Z100,tWeldGun\WObj:=WobJ_FacePlates;
    
    Search_1D SR_Chan_FOUND\SearchStop:=Found_Chan_X, RR_Chan_Xs, RR_Chan_Xe, V200, tWeldGun\WObj:=WobJ_FacePlates\SchSpeed:=15;
   
    MoveL RelTooL(RR_Chan_Xs,0,0,-150),v1000,Z100,tWeldGun\WObj:=WobJ_FacePlates;
    PDispOff;
    SET_RR_ChanX;
   
    MoveL Offs(RR_CHAN_WELDS{1,1},0,0,250),v1000,Z100,tWeldGun\WObj:=WobJ_FacePlates;

  IF WeldEVENs_Outside_LLnRR = TRUE THEN
    FOR w FROM 2 TO How_Many
     STEP +2 DO
        GENERIC_RR_STITCH w;
           IF w+2 > How_Many THEN
           BACK_AWAY 450;
               !MoveL Offs(RR_CHAN_WELDS{w,1},0,0,250),V500,Z100,tWeldGun\WObj:=WobJ_FacePlates;
           ENDIF
    ENDFOR
    
  ELSEIF WeldEVENs_Outside_LLnRR = FALSE THEN
    FOR w FROM 1 TO How_Many
     STEP +2 DO
        GENERIC_RR_STITCH w;      
           IF w+2 > How_Many THEN
           BACK_AWAY 450;
               !MoveL Offs(RR_CHAN_WELDS{w,1},0,0,250),V500,Z100,tWeldGun\WObj:=WobJ_FacePlates;
           ENDIF
    ENDFOR
  ENDIF
THATS_THE_RR_WELDS:   
ENDPROC



PROC WELD_LR_CHANNEL()    
   
    ActUnit STN1;
    AccSet 100, STOP_DA_SLOP;
    PDispOff;
   
    MoveJ OFFS(LR_ChanLam_Zs,0,0,250),v1000,Z100,tWeldGun\WObj:=WobJ_FacePlates;

    Search_1D SR_ChanLam_FOUND\SearchStop:=Found_Z, LR_ChanLam_Zs, LR_ChanLam_Ze, v200, tWeldGun\WObj:=WobJ_FacePlates\SchSpeed:=15;
    XnY_Depth LR_ChanLam_Xs, LR_ChanLam_Xe, Found_Z, 23;

    MoveL offs(LR_ChanLam_Zs,0,0,100),v1000,Z100,tWeldGun\WObj:=WobJ_FacePlates;
    MoveL offs(LR_Chan_Zs,0,0,100),v1000,Z100,tWeldGun\WObj:=WobJ_FacePlates;

    Search_1D SR_Chan_FOUND\SearchStop:=Found_Z, LR_Chan_Zs, LR_Chan_Ze, v200, tWeldGun\WObj:=WobJ_FacePlates\SchSpeed:=15;
    XnY_Depth LR_Chan_Xs, LR_Chan_Xe, Found_Z, 23;
    SET_CHAN_Zs "LR";    

    MoveL offs(LR_Chan_Zs,0,0,100),v1000,Z100,tWeldGun\WObj:=WobJ_FacePlates;
    MoveJ OFFS(LR_ChanLam_Xs,0,0,350),v1000,Z100,tWeldGun\WObj:=WobJ_FacePlates;
    MoveL RelTooL(LR_ChanLam_Xs,0,0,-75),v1000,Z100,tWeldGun\WObj:=WobJ_FacePlates;

    Search_1D SR_ChanLam_FOUND\SearchStop:=Found_ChanLam_X, LR_ChanLam_Xs, LR_ChanLam_Xe, v200, tWeldGun\WObj:=WobJ_FacePlates\SchSpeed:=15;

    MoveL RelTooL(LR_ChanLam_Xs,0,0,-100),v1000,Z100,tWeldGun\WObj:=WobJ_FacePlates;
    MoveL RelTooL(LR_Chan_Xs,0,0,-100),v1000,Z100,tWeldGun\WObj:=WobJ_FacePlates;

    Search_1D SR_Chan_FOUND\SearchStop:=Found_Chan_X, LR_Chan_Xs, LR_Chan_Xe, v200, tWeldGun\WObj:=WobJ_FacePlates\SchSpeed:=15;

    MoveL RelTooL(LR_Chan_Xs,0,0,-250),v1000,Z100,tWeldGun\WObj:=WobJ_FacePlates;
    
    PDispOff;
    SET_LR_ChanX;    
    MoveL Offs(LR_CHAN_WELDS{1,1},0,0,250),v1000,Z100,tWeldGun\WObj:=WobJ_FacePlates;

  IF WeldODDs_Inside_LRnRL = TRUE THEN
    FOR w FROM 1 TO How_Many
     STEP +2 DO
        GENERIC_LR_STITCH w;
           IF w+2 > How_Many THEN
            BACK_AWAY 450;
               !MoveL Offs(LR_CHAN_WELDS{w,1},0,0,250),V500,Z100,tWeldGun\WObj:=WobJ_FacePlates;
           ENDIF
    ENDFOR

  ELSEIF WeldODDs_Inside_LRnRL = FALSE THEN
    FOR w FROM 2 TO How_Many
     STEP +2 DO
        GENERIC_LR_STITCH w;      
           IF w+2 > How_Many THEN
           BACK_AWAY 450;
               ! MoveL Offs(LR_CHAN_WELDS{w,1},0,0,250),V500,Z100,tWeldGun\WObj:=WobJ_FacePlates;
           ENDIF
    ENDFOR
  ENDIF
    THATS_THE_LR_WELDS:
    PDispOff;
ENDPROC




PROC SET_LL_ChanX()
    
 FOR i FROM 1 TO HOW_MANY
    STEP +1 DO
       FOR j FROM 1 TO 3
       STEP +1 DO 
    
    SET_X_CHAN_LnR "LL", LL_CHAN_WELDS{i,j}, Found_Chan_X,Found_ChanLam_X;
    ENDFOR
 ENDFOR
    waittime\inpos,.01;
ENDPROC


PROC SET_LR_ChanX()
     
FOR i FROM 1 TO HOW_MANY
  STEP +1 DO
    FOR j FROM 1 TO 3
      STEP +1 DO 
    
    SET_X_CHAN_LnR "LR", LR_CHAN_WELDS{i,j}, Found_Chan_X,Found_ChanLam_X;
    ENDFOR
ENDFOR
    waittime\inpos,.01;   
ENDPROC


PROC SET_RL_ChanX()
   
FOR i FROM 1 TO HOW_MANY
  STEP +1 DO
    FOR j FROM 1 TO 3
      STEP +1 DO 
    
    SET_X_CHAN_LnR "RL", RL_CHAN_WELDS{i,j}, Found_Chan_X,Found_ChanLam_X;
    waittime\inpos,.01;      
   
    ENDFOR
ENDFOR
ENDPROC


PROC SET_RR_ChanX()
FOR i FROM 1 TO HOW_MANY
  STEP +1 DO
    FOR j FROM 1 TO 3
      STEP +1 DO 
    
    SET_X_CHAN_LnR "RR", RR_CHAN_WELDS{i,j}, Found_Chan_X,Found_ChanLam_X;
    ENDFOR
ENDFOR
    waittime\inpos,.01;       
ENDPROC
 


    PROC SET_X_CHAN_LnR(
    STRING WHAT_SIDE,
    INOUT ROBTARGET The_Weld,
    INOUT ROBTARGET Chan_Found,
    INOUT ROBTARGET ChanLam_FOUND)
!!notes 1/14/19 added Top_Of_Chan_Y for when its less than 3 cross bars
!    VAR num Top_Of_Chan_Y :=0;
    
!        IF HORIZ_Y3 > 0 and HORIZ_Y3 = FP_Height THEN 
!            Top_Of_Chan_Y := HORIZ_Y3;
!        ELSEIF HORIZ_Y3 = 0 AND HORIZ_Y2 = FP_Height THEN
!            Top_Of_Chan_Y := HORIZ_Y2;
!        ELSEIF HORIZ_Y3 = 0 AND HORIZ_Y2 = 0 and HORIZ_Y1 = FP_Height THEN
!            Top_Of_Chan_Y := HORIZ_Y1;
!        ELSEIF HORIZ_Y3 > 0 AND HORIZ_Y2 > 0 and HORIZ_Y1 > 0 AND HORIZ_Y4 = FP_Height THEN
!            Top_Of_Chan_Y := HORIZ_Y4;
!            ENDIF      
    IF WHAT_SIDE = "LL" THEN
  
        IF The_Weld.trans.Y < Lam_OverLap THEN
               The_Weld.trans.X := ChanLam_FOUND.trans.X + Minor_Nozzle_Radius - (FP_StickOut * 1.15);
      
        ELSEIF The_Weld.trans.Y >= Lam_OverLap THEN
               The_Weld.trans.X := Chan_FOUND.trans.X + Minor_Nozzle_Radius - (FP_StickOut * 1.15 );
        ENDIF
    
    ELSEIF WHAT_SIDE = "LR" THEN           

            IF The_Weld.trans.Y < (Top_Of_Chan_Y - CHANNEL_LENGTH)  THEN
                The_Weld.trans.X := ChanLam_FOUND.trans.X + Minor_Nozzle_Radius + BAR_THICKNESS + FP_StickOut ;

            ELSEIF The_Weld.trans.Y >= (Top_Of_Chan_Y - CHANNEL_LENGTH) AND The_Weld.trans.Y <= Top_Of_Chan_Y  THEN
                The_Weld.trans.X := Chan_FOUND.trans.X + Minor_Nozzle_Radius + CHANNEL_WIDTH + FP_StickOut ;
            
            ELSEIF The_Weld.trans.Y > Top_Of_Chan_Y THEN  
                The_Weld.trans.X := Chan_FOUND.trans.X + Minor_Nozzle_Radius + BAR_THICKNESS + FP_StickOut ;                
                
            ENDIF

    ELSEIF WHAT_SIDE = "RR" THEN     

        IF The_Weld.trans.Y < Lam_OverLap THEN
               The_Weld.trans.X := ChanLam_FOUND.trans.X - Minor_Nozzle_Radius + (FP_StickOut * 1.15) ;
      
        ELSEIF The_Weld.trans.Y > Lam_OverLap   THEN
               The_Weld.trans.X := Chan_FOUND.trans.X - Minor_Nozzle_Radius + (FP_StickOut * 1.15) ;
        
        ENDIF
        
    ELSEIF WHAT_SIDE = "RL" THEN    
    
            IF The_Weld.trans.Y < (Top_Of_Chan_Y - CHANNEL_LENGTH) THEN
                The_Weld.trans.X := ChanLam_FOUND.trans.X - Minor_Nozzle_Radius - BAR_THICKNESS - FP_StickOut;

            ELSEIF The_Weld.trans.Y >= (Top_Of_Chan_Y - CHANNEL_LENGTH) AND The_Weld.trans.Y < Top_Of_Chan_Y THEN
                The_Weld.trans.X := Chan_FOUND.trans.X - Minor_Nozzle_Radius - CHANNEL_WIDTH - FP_StickOut;
           
           ELSEIF The_Weld.trans.Y > Top_Of_Chan_Y THEN 
                The_Weld.trans.X := Chan_FOUND.trans.X - Minor_Nozzle_Radius - BAR_THICKNESS - FP_StickOut;
            ENDIF
        
    ENDIF 
        WAITTIME\INPOS,.1;   
            ENDPROC







   PROC SET_CHAN_Zs(
    STRING PICK_UH_CHAN)
    
    IF PICK_UH_CHAN = "RL" THEN
       FOR i FROM 1 TO HOW_MANY
       STEP +1 DO
        CHAN_Z_SET_DEPTH RL_CHAN_WELDS{i,1}, RL_CHAN_WELDS{i,2}, RL_CHAN_WELDS{i,3}, CHAN_Found_Z, CHANLAM_Found_Z ;
       ENDFOR
    
    ELSEIF PICK_UH_CHAN = "LR" THEN
       FOR f FROM 1 TO HOW_MANY
       STEP +1 DO 
        CHAN_Z_SET_DEPTH LR_CHAN_WELDS{f,1}, LR_CHAN_WELDS{f,2}, LR_CHAN_WELDS{f,3}, CHAN_Found_Z, CHANLAM_Found_Z ;
       ENDFOR
   
    ELSEIF PICK_UH_CHAN = "RR" THEN
       FOR g FROM 1 TO HOW_MANY
       STEP +1 DO 
        CHAN_Z_SET_DEPTH RR_CHAN_WELDS{g,1}, RR_CHAN_WELDS{g,2}, RR_CHAN_WELDS{g,3}, CHAN_Found_Z, CHANLAM_Found_Z ;
       ENDFOR
   
    ELSEIF PICK_UH_CHAN = "LL" THEN
       FOR a FROM 1 TO HOW_MANY
       STEP +1 DO 
        CHAN_Z_SET_DEPTH LL_CHAN_WELDS{a,1}, LL_CHAN_WELDS{a,2}, LL_CHAN_WELDS{a,3}, CHAN_Found_Z, CHANLAM_Found_Z ;
       ENDFOR
   
    ENDIF  
    THAT_SET_IT:
    ENDPROC
    
    
    
    
    
    PROC GENERIC_RL_STITCH(
         NUM RL_WELD)

IF RL_CHAN_NOTES{RL_WELD,1} = "SKIP" OR ( RL_WELD = 1 and Anchor_Y <= 75) THEN GOTO No_Weld_Here; ENDIF     
    MoveL Offs(RL_CHAN_WELDS{RL_WELD,1},0,0,125),V500,Z50,tWeldGun\WObj:=WobJ_FacePlates;
    MoveL RelTooL(RL_CHAN_WELDS{RL_WELD,1},0,0,-50),V500,Z10,tWeldGun\WObj:=WobJ_FacePlates;
    TPWrite RL_CHAN_NOTES{RL_WELD,1};
    TPWrite RL_CHAN_NOTES{RL_WELD,2};
   
    WArcLStart RL_CHAN_WELDS{RL_WELD,1},v100,SE_CHANNEL,BD_CHANNEL,Z1,tWeldGun\WObj:=WobJ_FacePlates\Track:=TRK_CHANNEL;
IF RL_CHAN_NOTES {RL_WELD,1}= "CORNER" THEN
    WArcL RL_CHAN_WELDS{RL_WELD,2}, v100, z10, tWeldGun\WObj:=WobJ_FacePlates\Track:=TRK_CHANNEL;
ENDIF
    WArcLEnd RL_CHAN_WELDS{RL_WELD,3}, v100, z1, tWeldGun\WObj:=WobJ_FacePlates\Track:=TRK_CHANNEL;
  
    MoveL RelTooL(RL_CHAN_WELDS{RL_WELD,3},0,0,-50),V500,Z10,tWeldGun\WObj:=WobJ_FacePlates;
    MoveL Offs(RL_CHAN_WELDS{RL_WELD,3},0,0,125),V500,Z50,tWeldGun\WObj:=WobJ_FacePlates;
    No_Weld_Here:
    ENDPROC
    
     
    
     
     
    PROC GENERIC_LL_STITCH(
          NUM LL_WELD)
!IF Y1_TightBox = TRUE AND WeldEVENs_Outside_LLnRR = FALSE AND LL_WELD = 1 THEN GOTO No_Weld_Here; ENDIF 
IF LL_CHAN_NOTES{LL_WELD,1} = "SKIP" THEN GOTO No_Weld_Here; ENDIF     

    MoveL Offs(LL_CHAN_WELDS{LL_WELD,1},0,0,125),V500,Z50,tWeldGun\WObj:=WobJ_FacePlates;
    MoveL RelTooL(LL_CHAN_WELDS{LL_WELD,1},0,0,-50),V500,Z10,tWeldGun\WObj:=WobJ_FacePlates;
   
    WArcLStart LL_CHAN_WELDS{LL_WELD,1},v100,SE_CHANNEL,BD_CHANNEL,Z1,tWeldGun\WObj:=WobJ_FacePlates\Track:=TRK_CHANNEL; 
IF LL_CHAN_NOTES {LL_WELD,1}= "CORNER" THEN
    WArcL LL_CHAN_WELDS{LL_WELD,2}, v100, z10, tWeldGun\WObj:=WobJ_FacePlates\Track:=TRK_CHANNEL;
ENDIF
    WArcLEnd LL_CHAN_WELDS{LL_WELD,3}, v100, z1, tWeldGun\WObj:=WobJ_FacePlates\Track:=TRK_CHANNEL;
    
    MoveL RelTooL(LL_CHAN_WELDS{LL_WELD,3},0,0,-50),V500,Z10,tWeldGun\WObj:=WobJ_FacePlates;
    MoveL RelTooL(LL_CHAN_WELDS{LL_WELD,3},0,0,-75),V500,Z50,tWeldGun\WObj:=WobJ_FacePlates;
    MoveL Offs(LL_CHAN_WELDS{LL_WELD,3},0,0,125),V500,Z50,tWeldGun\WObj:=WobJ_FacePlates;

    No_Weld_Here:
    ENDPROC





    PROC GENERIC_LR_STITCH(
         NUM LR_WELD)
    
IF LR_CHAN_NOTES{LR_WELD,1} = "SKIP" OR ( LR_WELD = 1 and Anchor_Y <= 75) THEN GOTO No_Weld_Here; ENDIF     
     
    MoveL Offs(LR_CHAN_WELDS{LR_WELD,1},0,0,125),V500,Z50,tWeldGun\WObj:=WobJ_FacePlates;
    MoveL RelTooL(LR_CHAN_WELDS{LR_WELD,1},0,0,-75),V500,Z20,tWeldGun\WObj:=WobJ_FacePlates;
    MoveL RelTooL(LR_CHAN_WELDS{LR_WELD,1},0,0,-50),V500,Z10,tWeldGun\WObj:=WobJ_FacePlates;
   
    WArcLStart LR_CHAN_WELDS{LR_WELD,1},v100,SE_CHANNEL,BD_CHANNEL,Z1,tWeldGun\WObj:=WobJ_FacePlates\Track:=TRK_CHANNEL;
IF LR_CHAN_NOTES {LR_WELD,1}= "CORNER" THEN
        WArcL LR_CHAN_WELDS{LR_WELD,2}, v100, z10, tWeldGun\WObj:=WobJ_FacePlates\Track:=TRK_CHANNEL;
ENDIF
    WArcLEnd LR_CHAN_WELDS{LR_WELD,3}, v100, z1, tWeldGun\WObj:=WobJ_FacePlates\Track:=TRK_CHANNEL;
   
    MoveL RelTooL(LR_CHAN_WELDS{LR_WELD,3},0,0,-75),V500,Z10,tWeldGun\WObj:=WobJ_FacePlates;  
    MoveL Offs(LR_CHAN_WELDS{LR_WELD,3},0,0,125),V500,Z50,tWeldGun\WObj:=WobJ_FacePlates;

    No_Weld_Here:
    ENDPROC
        
    
    
    
    
    PROC GENERIC_RR_STITCH(
         NUM RR_WELD)
!IF Y1_TightBox = TRUE AND WeldEVENs_Outside_LLnRR = FALSE AND RR_WELD = 1 THEN GOTO No_Weld_Here; ENDIF 
IF  RR_CHAN_NOTES{RR_WELD,1} = "SKIP" THEN GOTO No_Weld_Here; ENDIF
   
    MoveL Offs(RR_CHAN_WELDS{RR_WELD,1},0,0,150),V500,Z50,tWeldGun\WObj:=WobJ_FacePlates;
    MoveL RelTooL(RR_CHAN_WELDS{RR_WELD,1},0,0,-75),V500,Z20,tWeldGun\WObj:=WobJ_FacePlates;
    MoveL RelTooL(RR_CHAN_WELDS{RR_WELD,1},0,0,-50),V500,Z10,tWeldGun\WObj:=WobJ_FacePlates;
   
    WArcLStart RR_CHAN_WELDS{RR_WELD,1},v100,SE_CHANNEL,BD_CHANNEL,Z1,tWeldGun\WObj:=WobJ_FacePlates\Track:=TRK_CHANNEL;  
IF RR_CHAN_NOTES {RR_WELD,1}= "CORNER" THEN
    WArcL RR_CHAN_WELDS{RR_WELD,2}, v100, z10, tWeldGun\WObj:=WobJ_FacePlates\Track:=TRK_CHANNEL;
ENDIF
    WArcLEnd RR_CHAN_WELDS{RR_WELD,3}, v100, z1, tWeldGun\WObj:=WobJ_FacePlates\Track:=TRK_CHANNEL;
    
    MoveL RelTooL(RR_CHAN_WELDS{RR_WELD,3},0,0,-75),V500,Z10,tWeldGun\WObj:=WobJ_FacePlates;
    MoveL Offs(RR_CHAN_WELDS{RR_WELD,3},0,0,150),V500,Z50,tWeldGun\WObj:=WobJ_FacePlates;

No_Weld_Here:
ENDPROC




PROC ALL_Chan_Plan(NUM WELD_LENGTH)

	
IF LOAD_PUSH = TRUE  THEN
    OAL_Stitch :=  FP_Height - FP_Thickness - (2*FP_StickOut);
ELSEIF LOAD_PUSH = FALSE THEN
    OAL_Stitch := FP_Height - ( HORIZ_Y2 + bar_thickness + (2*FP_StickOut));
ENDIF

How_Many := ROUND( OAL_Stitch / WELD_LENGTH );
How_Long := OAL_Stitch / How_Many;
FROM_HERE := FP_Height - OAL_Stitch - fp_stickout;
TPErase;
TPWrite" How_Many :="\Num:=How_Many;
TPWrite" How_Long := "\Num:=How_Long;

    FOR k FROM 1 TO How_Many
    STEP + 1 DO

    IF K = 1 THEN 
     LL_CHAN_WELDS{ k , 1}.trans.Y :=  FROM_HERE + ( k * How_Long ) ;
     LL_CHAN_WELDS{ k , 1}.EXTAX := LL_CHAN_GOINGdown.extax;
     LL_CHAN_WELDS{ k , 1}.ROT := LL_CHAN_GOINGdown.ROT;
     LL_CHAN_WELDS{ k , 1}.RobConf := LL_CHAN_GOINGdown.RobConf;
     
     IF LOAD_PUSH = FALSE THEN
     LL_CHAN_WELDS{ k , 2}.trans.Y :=  FROM_HERE + ( k * How_Long ) - How_Long + NOZZLE_RADIUS ;
     LL_CHAN_WELDS{ k , 2}.EXTAX := LL_CHAN_GOINGdown.extax;
     LL_CHAN_WELDS{ k , 2}.ROT := LL_CHAN_GOINGdown.ROT;
     LL_CHAN_WELDS{ k , 2}.RobConf := LL_CHAN_GOINGdown.RobConf;
     ELSEIF LOAD_PUSH = TRUE THEN
     LL_CHAN_WELDS{ k , 2}.trans.Y :=  FROM_HERE + ( k * How_Long ) - How_Long + NOZZLE_RADIUS ;
     LL_CHAN_WELDS{ k , 2}.EXTAX := LL_CHAN_GOINGdown.extax;
     LL_CHAN_WELDS{ k , 2}.ROT := LL_CHAN_GOINGdownCORNER.ROT;
     LL_CHAN_WELDS{ k , 2}.RobConf := LL_CHAN_GOINGdownCORNER.RobConf;
     ENDIF
     
     LL_CHAN_WELDS{ k , 3}.trans.Y :=  FROM_HERE + ( k * How_Long ) - How_Long ;
     LL_CHAN_WELDS{ k , 3}.EXTAX := LL_CHAN_GOINGdownCORNER.extax;
     LL_CHAN_WELDS{ k , 3}.ROT := LL_CHAN_GOINGdownCORNER.ROT;
     LL_CHAN_WELDS{ k , 3}.RobConf := LL_CHAN_GOINGdownCORNER.RobConf;
!!$$$$$$$$$
     LR_CHAN_WELDS{ k , 1}.trans.Y :=  FROM_HERE + ( k * How_Long ) ;
     LR_CHAN_WELDS{ k , 1}.EXTAX := LR_CHAN_GOINGdown.extax;
     LR_CHAN_WELDS{ k , 1}.ROT := LR_CHAN_GOINGdown.ROT;     
     LR_CHAN_WELDS{ k , 1}.RobConf := LR_CHAN_GOINGdown.RobConf;     
     
     IF LOAD_PUSH = FALSE THEN
     LR_CHAN_WELDS{ k , 2}.trans.Y :=  FROM_HERE + ( k * How_Long ) - How_Long + NOZZLE_RADIUS ;
     LR_CHAN_WELDS{ k , 2}.EXTAX := LR_CHAN_GOINGdown.extax;
     LR_CHAN_WELDS{ k , 2}.ROT := LR_CHAN_GOINGdown.ROT;     
     LR_CHAN_WELDS{ k , 2}.RobConf := LR_CHAN_GOINGdown.RobConf;     
     ELSEIF LOAD_PUSH = TRUE THEN
     LR_CHAN_WELDS{ k , 2}.trans.Y :=  FROM_HERE + ( k * How_Long ) - How_Long + NOZZLE_RADIUS ;
     LR_CHAN_WELDS{ k , 2}.EXTAX := LR_CHAN_GOINGdown.extax;
     LR_CHAN_WELDS{ k , 2}.ROT := LR_CHAN_GOINGdown_CORNER.ROT;     
     LR_CHAN_WELDS{ k , 2}.RobConf := LR_CHAN_GOINGdown_CORNER.RobConf;     
     ENDIF    
         
     LR_CHAN_WELDS{ k , 3}.trans.Y :=  FROM_HERE + ( k * How_Long ) - How_Long ;
     LR_CHAN_WELDS{ k , 3}.EXTAX := LR_CHAN_GOINGdown_CORNER.extax;
     LR_CHAN_WELDS{ k , 3}.ROT := LR_CHAN_GOINGdown_CORNER.ROT;     
     LR_CHAN_WELDS{ k , 3}.RobConf := LR_CHAN_GOINGdown_CORNER.RobConf;     
     
!!$$$$$$$$$
     RR_CHAN_WELDS{ k , 1}.trans.Y :=  FROM_HERE + ( k * How_Long ) ;
     RR_CHAN_WELDS{ k , 1}.EXTAX := RR_CHAN_GOINGdown.extax;
     RR_CHAN_WELDS{ k , 1}.ROT := RR_CHAN_GOINGdown.ROT;      
     RR_CHAN_WELDS{ k , 1}.RobConf := RR_CHAN_GOINGdown.RobConf;      
     
     IF LOAD_PUSH = FALSE THEN
     RR_CHAN_WELDS{ k , 2}.trans.Y :=  FROM_HERE + ( k * How_Long ) - How_Long + NOZZLE_RADIUS ;
     RR_CHAN_WELDS{ k , 2}.EXTAX := RR_CHAN_GOINGdown.extax;
     RR_CHAN_WELDS{ k , 2}.ROT := RR_CHAN_GOINGdown.ROT;      
     RR_CHAN_WELDS{ k , 2}.RobConf := RR_CHAN_GOINGdown.RobConf;      
     ELSEIF LOAD_PUSH = TRUE THEN
     RR_CHAN_WELDS{ k , 2}.trans.Y :=  FROM_HERE + ( k * How_Long ) - How_Long + NOZZLE_RADIUS ;
     RR_CHAN_WELDS{ k , 2}.EXTAX := RR_CHAN_GOINGdown.extax;
     RR_CHAN_WELDS{ k , 2}.ROT := RR_CHAN_BOTTOMcorner.ROT;      
     RR_CHAN_WELDS{ k , 2}.RobConf := RR_CHAN_BOTTOMcorner.RobConf;      
     ENDIF
     
     RR_CHAN_WELDS{ k , 3}.trans.Y :=  FROM_HERE + ( k * How_Long ) - How_Long ;
     RR_CHAN_WELDS{ k , 3}.EXTAX := RR_CHAN_BOTTOMcorner.extax;
     RR_CHAN_WELDS{ k , 3}.ROT := RR_CHAN_BOTTOMcorner.ROT;      
     RR_CHAN_WELDS{ k , 3}.RobConf := RR_CHAN_BOTTOMcorner.RobConf;      
!!$$$$$$$$$
     RL_CHAN_WELDS{ k , 1}.trans.Y :=  FROM_HERE + ( k * How_Long ) ;
     RL_CHAN_WELDS{ k , 1}.EXTAX := RL_CHAN_GOINGdown.extax;
     RL_CHAN_WELDS{ k , 1}.ROT := RL_CHAN_GOINGdown.ROT;      
     RL_CHAN_WELDS{ k , 1}.RobConf := RL_CHAN_GOINGdown.RobConf;      
     
     IF LOAD_PUSH = FALSE THEN
     RL_CHAN_WELDS{ k , 2}.trans.Y :=  FROM_HERE + ( k * How_Long ) - How_Long + NOZZLE_RADIUS ;
     RL_CHAN_WELDS{ k , 2}.EXTAX := RL_CHAN_GOINGdown.extax;
     RL_CHAN_WELDS{ k , 2}.ROT := RL_CHAN_GOINGdown.ROT;      
     RL_CHAN_WELDS{ k , 2}.RobConf := RL_CHAN_GOINGdown.RobConf;      
     ELSEIF LOAD_PUSH = TRUE THEN
     RL_CHAN_WELDS{ k , 2}.trans.Y :=  FROM_HERE + ( k * How_Long ) - How_Long + NOZZLE_RADIUS ;
     RL_CHAN_WELDS{ k , 2}.EXTAX := RL_CHAN_GOINGdown.extax;
     RL_CHAN_WELDS{ k , 2}.ROT := RL_Chan_BOTTOMcorner.ROT;      
     RL_CHAN_WELDS{ k , 2}.RobConf := RL_Chan_BOTTOMcorner.RobConf;      
     ENDIF
     
     RL_CHAN_WELDS{ k , 3}.trans.Y :=  FROM_HERE + ( k * How_Long ) - How_Long ;
     RL_CHAN_WELDS{ k , 3}.EXTAX := RL_Chan_BOTTOMcorner.extax;
     RL_CHAN_WELDS{ k , 3}.ROT := RL_Chan_BOTTOMcorner.ROT;      
     RL_CHAN_WELDS{ k , 3}.RobConf := RL_Chan_BOTTOMcorner.RobConf;      
!!$$$$$$$$$
     RR_CHAN_NOTES{ k , 1}:="CORNER";
     RL_CHAN_NOTES{ k , 1}:="CORNER";
     LR_CHAN_NOTES{ k , 1}:="CORNER";
     LL_CHAN_NOTES{ k , 1}:="CORNER";
!!$$$$$$$$$

    ELSEIF k <> 1 AND k < How_Many THEN 
     LL_CHAN_WELDS{ k , 1}.trans.Y :=  FROM_HERE + ( k * How_Long ) - How_Long;
     LL_CHAN_WELDS{ k , 1}.EXTAX := LL_CHAN_GoingUp.extax;
     LL_CHAN_WELDS{ k , 1}.ROT := LL_CHAN_GoingUp.ROT;
     LL_CHAN_WELDS{ k , 1}.RobConf := LL_CHAN_GoingUp.RobConf;

     LL_CHAN_WELDS{ k , 2}.trans.Y :=  FROM_HERE + ( k * How_Long ) - NOZZLE_RADIUS ;
     LL_CHAN_WELDS{ k , 2}.EXTAX := LL_CHAN_GoingUp.extax;
     LL_CHAN_WELDS{ k , 2}.ROT := LL_CHAN_GoingUp.ROT;
     LL_CHAN_WELDS{ k , 2}.RobConf := LL_CHAN_GoingUp.RobConf;

     LL_CHAN_WELDS{ k , 3}.trans.Y :=  FROM_HERE + ( k * How_Long );
     LL_CHAN_WELDS{ k , 3}.EXTAX := LL_CHAN_GoingUp.extax;
     LL_CHAN_WELDS{ k , 3}.ROT := LL_CHAN_GoingUp.ROT;
     LL_CHAN_WELDS{ k , 3}.RobConf := LL_CHAN_GoingUp.RobConf;

!!$$$$$$$$$

     LR_CHAN_WELDS{ k , 1}.trans.Y :=  FROM_HERE + ( k * How_Long ) - How_Long;
     IF LR_CHAN_WELDS{ k , 1}.trans.Y < (Top_Of_Chan_Y - CHANNEL_LENGTH) OR LR_CHAN_WELDS{ k , 1}.trans.Y > Top_Of_Chan_Y THEN
        LR_CHAN_WELDS{ k , 1}.EXTAX := LR_CHAN_GOINGup.extax;
        LR_CHAN_WELDS{ k , 1}.ROT := LR_CHAN_GOINGup.ROT;     
        LR_CHAN_WELDS{ k , 1}.RobConf := LR_CHAN_GOINGup.RobConf;     
     ELSEIF LR_CHAN_WELDS{ k , 1}.trans.Y > (Top_Of_Chan_Y - CHANNEL_LENGTH) AND LR_CHAN_WELDS{ k , 1}.trans.Y < Top_Of_Chan_Y THEN
        LR_CHAN_WELDS{ k , 1}.EXTAX := LR_CHANFLAT_GOINGup.extax;
        LR_CHAN_WELDS{ k , 1}.ROT := LR_CHANFLAT_GOINGup.ROT;
        LR_CHAN_WELDS{ k , 1}.RobConf := LR_CHANFLAT_GOINGup.RobConf;
     ENDIF

     LR_CHAN_WELDS{ k , 2}.trans.Y :=  FROM_HERE + ( k * How_Long ) - NOZZLE_RADIUS;
     IF LR_CHAN_WELDS{ k , 2}.trans.Y < (Top_Of_Chan_Y - CHANNEL_LENGTH) OR LR_CHAN_WELDS{ k , 2}.trans.Y > Top_Of_Chan_Y THEN
        LR_CHAN_WELDS{ k , 2}.EXTAX := LR_CHAN_GOINGup.extax;
        LR_CHAN_WELDS{ k , 2}.ROT := LR_CHAN_GOINGup.ROT;
        LR_CHAN_WELDS{ k , 2}.RobConf := LR_CHAN_GOINGup.RobConf;
     ELSEIF LR_CHAN_WELDS{ k , 2}.trans.Y > (Top_Of_Chan_Y - CHANNEL_LENGTH) AND LR_CHAN_WELDS{ k , 2}.trans.Y < Top_Of_Chan_Y THEN
        LR_CHAN_WELDS{ k , 2}.EXTAX := LR_CHANFLAT_GOINGup.extax;
        LR_CHAN_WELDS{ k , 2}.ROT := LR_CHANFLAT_GOINGup.ROT;        
        LR_CHAN_WELDS{ k , 2}.RobConf := LR_CHANFLAT_GOINGup.RobConf;        
     ENDIF
     
     LR_CHAN_WELDS{ k , 3}.trans.Y :=  FROM_HERE + ( k * How_Long );
     IF LR_CHAN_WELDS{ k , 3}.trans.Y < (Top_Of_Chan_Y - CHANNEL_LENGTH) OR LR_CHAN_WELDS{ k , 3}.trans.Y > Top_Of_Chan_Y THEN
        LR_CHAN_WELDS{ k , 3}.EXTAX := LR_CHAN_GOINGup.extax;
        LR_CHAN_WELDS{ k , 3}.ROT := LR_CHAN_GOINGup.ROT;     
        LR_CHAN_WELDS{ k , 3}.RobConf := LR_CHAN_GOINGup.RobConf;     
     ELSEIF LR_CHAN_WELDS{ k , 3}.trans.Y > (Top_Of_Chan_Y - CHANNEL_LENGTH) AND LR_CHAN_WELDS{ k , 3}.trans.Y < Top_Of_Chan_Y THEN
        LR_CHAN_WELDS{ k , 3}.EXTAX := LR_CHANFLAT_GOINGup.extax;
        LR_CHAN_WELDS{ k , 3}.ROT := LR_CHANFLAT_GOINGup.ROT;     
        LR_CHAN_WELDS{ k , 3}.RobConf := LR_CHANFLAT_GOINGup.RobConf;     
     ENDIF

     
!!$$$$$$$$$$$$$$$$ 
     RR_CHAN_WELDS{ k , 1}.trans.Y :=  FROM_HERE + ( k * How_Long ) - How_Long ;
     RR_CHAN_WELDS{ k , 1}.EXTAX := RR_CHAN_GOINGup.extax;
     RR_CHAN_WELDS{ k , 1}.ROT := RR_CHAN_GOINGup.ROT;      
     RR_CHAN_WELDS{ k , 1}.RobConf := RR_CHAN_GOINGup.RobConf;      
     
     RR_CHAN_WELDS{ k , 2}.trans.Y :=  FROM_HERE + ( k * How_Long ) - NOZZLE_RADIUS;
     RR_CHAN_WELDS{ k , 2}.EXTAX := RR_CHAN_GOINGup.extax;
     RR_CHAN_WELDS{ k , 2}.ROT := RR_CHAN_GOINGup.ROT;      
     RR_CHAN_WELDS{ k , 2}.RobConf := RR_CHAN_GOINGup.RobConf;      
     
     RR_CHAN_WELDS{ k , 3}.trans.Y :=  FROM_HERE + ( k * How_Long );
     RR_CHAN_WELDS{ k , 3}.EXTAX := RR_CHAN_GOINGup.extax;
     RR_CHAN_WELDS{ k , 3}.ROT := RR_CHAN_GOINGup.ROT;      
     RR_CHAN_WELDS{ k , 3}.RobConf := RR_CHAN_GOINGup.RobConf;      
     
!!$$$$$$$$$$$$$$$$
     RL_CHAN_WELDS{ k , 1}.trans.Y :=  FROM_HERE + ( k * How_Long ) - How_Long;
    IF RL_CHAN_WELDS{ k , 1}.trans.Y < (Top_Of_Chan_Y - CHANNEL_LENGTH) OR RL_CHAN_WELDS{ k , 1}.trans.Y > Top_Of_Chan_Y THEN
         RL_CHAN_WELDS{ k , 1}.EXTAX := RL_CHAN_goingup.extax;
         RL_CHAN_WELDS{ k , 1}.ROT := RL_CHAN_goingup.ROT;
         RL_CHAN_WELDS{ k , 1}.RobConf := RL_CHAN_goingup.RobConf;
    ELSEIF RL_CHAN_WELDS{ k , 1}.trans.Y > (Top_Of_Chan_Y - CHANNEL_LENGTH) AND RL_CHAN_WELDS{ k , 1}.trans.Y < Top_Of_Chan_Y THEN
         RL_CHAN_WELDS{ k , 1}.EXTAX := RL_CHANFLAT_goingup.extax;
         RL_CHAN_WELDS{ k , 1}.ROT := RL_CHANFLAT_goingup.ROT;
         RL_CHAN_WELDS{ k , 1}.RobConf := RL_CHANFLAT_goingup.RobConf;
    ENDIF

!!$$$$$$$$$$$$$$$$ 
     RL_CHAN_WELDS{ k , 2}.trans.Y :=  FROM_HERE + ( k * How_Long ) - NOZZLE_RADIUS;
    IF RL_CHAN_WELDS{ k , 2}.trans.Y < (Top_Of_Chan_Y - CHANNEL_LENGTH) OR RL_CHAN_WELDS{ k , 2}.trans.Y > Top_Of_Chan_Y THEN
         RL_CHAN_WELDS{ k , 2}.EXTAX := RL_CHAN_goingup.extax;
         RL_CHAN_WELDS{ k , 2}.ROT := RL_CHAN_goingup.ROT;
         RL_CHAN_WELDS{ k , 2}.RobConf := RL_CHAN_goingup.RobConf;
    ELSEIF RL_CHAN_WELDS{ k , 2}.trans.Y > (Top_Of_Chan_Y - CHANNEL_LENGTH) AND RL_CHAN_WELDS{ k , 2}.trans.Y < Top_Of_Chan_Y THEN
         RL_CHAN_WELDS{ k , 2}.EXTAX := RL_CHANFLAT_goingup.extax;
         RL_CHAN_WELDS{ k , 2}.ROT := RL_CHANFLAT_goingup.ROT;       
         RL_CHAN_WELDS{ k , 2}.RobConf := RL_CHANFLAT_goingup.RobConf;       
    ENDIF   
     
!!$$$$$$$$$$$$$$$$ 
     RL_CHAN_WELDS{ k , 3}.trans.Y :=  FROM_HERE + ( k * How_Long );
    IF RL_CHAN_WELDS{ k , 3}.trans.Y < (Top_Of_Chan_Y - CHANNEL_LENGTH) OR RL_CHAN_WELDS{ k , 3}.trans.Y > Top_Of_Chan_Y THEN
         RL_CHAN_WELDS{ k , 3}.EXTAX := RL_CHAN_goingup.extax;
         RL_CHAN_WELDS{ k , 3}.ROT := RL_CHAN_goingup.ROT;      
         RL_CHAN_WELDS{ k , 3}.RobConf := RL_CHAN_goingup.RobConf;      
    ELSEIF RL_CHAN_WELDS{ k , 3}.trans.Y > (Top_Of_Chan_Y - CHANNEL_LENGTH) AND RL_CHAN_WELDS{ k , 3}.trans.Y < Top_Of_Chan_Y THEN
         RL_CHAN_WELDS{ k , 3}.EXTAX := RL_CHANFLAT_goingup.extax;
         RL_CHAN_WELDS{ k , 3}.ROT := RL_CHANFLAT_goingup.ROT;       
         RL_CHAN_WELDS{ k , 3}.RobConf := RL_CHANFLAT_goingup.RobConf;       
    ENDIF     
      
     RR_CHAN_NOTES{ k , 1}:="FLAT";
     RL_CHAN_NOTES{ k , 1}:="FLAT";
     LR_CHAN_NOTES{ k , 1}:="FLAT";
     LL_CHAN_NOTES{ k , 1}:="FLAT";
     WaitTime\InPos, .1;
     
    ELSEIF k = How_Many THEN
     LL_CHAN_WELDS{ k , 1}.trans.Y :=  FROM_HERE + ( k * How_Long )- How_Long ;
     LL_CHAN_WELDS{ k , 1}.EXTAX := LL_CHAN_GoingUp.extax;
     LL_CHAN_WELDS{ k , 1}.ROT := LL_CHAN_GoingUp.ROT;
     LL_CHAN_WELDS{ k , 1}.RobConf := LL_CHAN_GoingUp.RobConf;
     
     LL_CHAN_WELDS{ k , 2}.trans.Y :=  FROM_HERE + ( k * How_Long ) -  NOZZLE_RADIUS ;
     LL_CHAN_WELDS{ k , 2}.EXTAX := LL_CHAN_GoingUp.extax;
     LL_CHAN_WELDS{ k , 2}.ROT := LL_CHAN_GoingUp.ROT;
     LL_CHAN_WELDS{ k , 2}.RobConf := LL_CHAN_GoingUp.RobConf;
     
     LL_CHAN_WELDS{ k , 3}.trans.Y :=  FROM_HERE + ( k * How_Long ) ;
     LL_CHAN_WELDS{ k , 3}.EXTAX := LL_CHAN_GoingUpCORNER.extax;
     LL_CHAN_WELDS{ k , 3}.ROT := LL_CHAN_GoingUpCORNER.ROT;
     LL_CHAN_WELDS{ k , 3}.RobConf := LL_CHAN_GoingUpCORNER.RobConf;
     !!$$$$$$$$$
     LR_CHAN_WELDS{ k , 1}.trans.Y :=  FROM_HERE + ( k * How_Long )- How_Long ;
     
     LR_CHAN_WELDS{ k , 2}.trans.Y :=  FROM_HERE + ( k * How_Long ) - NOZZLE_RADIUS ;
     
     LR_CHAN_WELDS{ k , 3}.trans.Y :=  FROM_HERE + ( k * How_Long )  ;
        
     IF LR_CHAN_WELDS{k , 1}.trans.y < Top_Of_Chan_Y AND LR_CHAN_WELDS{k , 1}.trans.y > (Top_Of_Chan_Y - CHANNEL_LENGTH) THEN
         LR_CHAN_WELDS{ k , 1}.EXTAX := LR_CHANFLAT_GOINGup.extax;
         LR_CHAN_WELDS{ k , 1}.ROT := LR_CHANFLAT_GOINGup.ROT;     
         LR_CHAN_WELDS{ k , 1}.RobConf := LR_CHANFLAT_GOINGup.RobConf;     
     ELSE
         LR_CHAN_WELDS{ k , 1}.EXTAX := LR_CHAN_GOINGup.extax;
         LR_CHAN_WELDS{ k , 1}.ROT := LR_CHAN_GOINGup.ROT;         
         LR_CHAN_WELDS{ k , 1}.RobConf := LR_CHAN_GOINGup.RobConf;         
     ENDIF   

      IF LR_CHAN_WELDS{k , 2}.trans.y < Top_Of_Chan_Y AND LR_CHAN_WELDS{k , 2}.trans.y > (Top_Of_Chan_Y - CHANNEL_LENGTH) THEN
         LR_CHAN_WELDS{ k , 2}.EXTAX := LR_CHANFLAT_GOINGup.extax;
         LR_CHAN_WELDS{ k , 2}.ROT := LR_CHANFLAT_GOINGup.ROT;     
         LR_CHAN_WELDS{ k , 2}.RobConf := LR_CHANFLAT_GOINGup.RobConf;     
     ELSE
         LR_CHAN_WELDS{ k , 2}.EXTAX := LR_CHAN_GOINGup.extax;
         LR_CHAN_WELDS{ k , 2}.ROT := LR_CHAN_GOINGup.ROT;         
         LR_CHAN_WELDS{ k , 2}.RobConf := LR_CHAN_GOINGup.RobConf;         
     ENDIF     

      IF LR_CHAN_WELDS{k , 3}.trans.y < Top_Of_Chan_Y AND LR_CHAN_WELDS{k , 3}.trans.y > (Top_Of_Chan_Y - CHANNEL_LENGTH) THEN
         LR_CHAN_WELDS{ k , 3}.EXTAX := LR_CHANFLAT_GOINGupCORNER.extax;
         LR_CHAN_WELDS{ k , 3}.ROT := LR_CHANFLAT_GOINGupCORNER.ROT;     
         LR_CHAN_WELDS{ k , 3}.RobConf := LR_CHANFLAT_GOINGupCORNER.RobConf;     
     ELSE
         LR_CHAN_WELDS{ k , 3}.EXTAX := LR_CHAN_GOINGup_CORNER.extax;
         LR_CHAN_WELDS{ k , 3}.ROT := LR_CHAN_GOINGup_CORNER.ROT;         
         LR_CHAN_WELDS{ k , 3}.RobConf := LR_CHAN_GOINGup_CORNER.RobConf;         
     ENDIF        

     !!$$$$$$$$$
     RR_CHAN_WELDS{ k , 1}.trans.Y :=  FROM_HERE + ( k * How_Long )- How_Long;
     RR_CHAN_WELDS{ k , 1}.EXTAX := RR_CHAN_GOINGup.extax;
     RR_CHAN_WELDS{ k , 1}.ROT := RR_CHAN_GOINGup.ROT;
     RR_CHAN_WELDS{ k , 1}.RobConf := RR_CHAN_GOINGup.RobConf;
     
     RR_CHAN_WELDS{ k , 2}.trans.Y :=  FROM_HERE + ( k * How_Long ) - NOZZLE_RADIUS ;
     RR_CHAN_WELDS{ k , 2}.EXTAX := RR_CHAN_GOINGup.extax;
     RR_CHAN_WELDS{ k , 2}.ROT := RR_CHAN_GOINGup.ROT;
     RR_CHAN_WELDS{ k , 2}.RobConf := RR_CHAN_GOINGup.RobConf;
     
     RR_CHAN_WELDS{ k , 3}.trans.Y :=  FROM_HERE + ( k * How_Long ) ;
     RR_CHAN_WELDS{ k , 3}.EXTAX := RR_CHAN_TOPcorner.extax;
     RR_CHAN_WELDS{ k , 3}.ROT := RR_CHAN_TOPcorner.ROT;
     RR_CHAN_WELDS{ k , 3}.RobConf := RR_CHAN_TOPcorner.RobConf;
     !!$$$$$$$$$
     RL_CHAN_WELDS{ k , 1}.trans.Y :=  FROM_HERE + ( k * How_Long )- How_Long;
     
     RL_CHAN_WELDS{ k , 2}.trans.Y :=  FROM_HERE + ( k * How_Long ) - NOZZLE_RADIUS;
     
     RL_CHAN_WELDS{ k ,3}.trans.Y :=  FROM_HERE + ( k * How_Long ) ;
   
     IF  RL_CHAN_WELDS{k ,1}.trans.y < Top_Of_Chan_Y AND RL_CHAN_WELDS{k,1}.trans.y > (Top_Of_Chan_Y - CHANNEL_LENGTH) THEN
         RL_CHAN_WELDS{k ,1}.EXTAX := RL_CHANFLAT_GOINGup.extax;
         RL_CHAN_WELDS{k ,1}.ROT := RL_CHANFLAT_GOINGup.ROT;
         RL_CHAN_WELDS{k ,1}.RobConf := RL_CHANFLAT_GOINGup.RobConf;
     ELSE
         RL_CHAN_WELDS{k ,1}.EXTAX := RL_CHAN_GOINGup.extax;
         RL_CHAN_WELDS{k ,1}.ROT := RL_CHAN_GOINGup.ROT;
         RL_CHAN_WELDS{k ,1}.RobConf := RL_CHAN_GOINGup.RobConf;
     ENDIF   
        
      IF RL_CHAN_WELDS{k ,2}.trans.y < Top_Of_Chan_Y AND RL_CHAN_WELDS{k,2}.trans.y > (Top_Of_Chan_Y - CHANNEL_LENGTH) THEN
         RL_CHAN_WELDS{k ,2}.EXTAX := RL_CHANFLAT_GOINGup.extax;
         RL_CHAN_WELDS{k ,2}.ROT := RL_CHANFLAT_GOINGup.ROT;     
         RL_CHAN_WELDS{k ,2}.RobConf := RL_CHANFLAT_GOINGup.RobConf;     
     ELSE
         RL_CHAN_WELDS{k ,2}.EXTAX := RL_CHAN_GOINGup.extax;
         RL_CHAN_WELDS{k ,2}.ROT := RL_CHAN_GOINGup.ROT;         
         RL_CHAN_WELDS{k ,2}.RobConf := RL_CHAN_GOINGup.RobConf;         
     ENDIF     
     
      IF RL_CHAN_WELDS{k ,3}.trans.y < Top_Of_Chan_Y AND RL_CHAN_WELDS{k,3}.trans.y > (Top_Of_Chan_Y - CHANNEL_LENGTH) THEN
         RL_CHAN_WELDS{k ,3}.EXTAX := RL_CHANFLAT_TOPcorner.extax;
         RL_CHAN_WELDS{k ,3}.ROT := RL_CHANFLAT_TOPcorner.ROT;     
         RL_CHAN_WELDS{k ,3}.RobConf := RL_CHANFLAT_TOPcorner.RobConf;     
     ELSE
         RL_CHAN_WELDS{k ,3}.EXTAX := RL_CHAN_GOINGupCORNER.extax;
         RL_CHAN_WELDS{k ,3}.ROT := RL_CHAN_GOINGupCORNER.ROT;         
         RL_CHAN_WELDS{k ,3}.RobConf := RL_CHAN_GOINGupCORNER.RobConf;         
     ENDIF   
     
     RR_CHAN_NOTES{ k , 1}:="CORNER";
     RL_CHAN_NOTES{ k , 1}:="CORNER";
     LR_CHAN_NOTES{ k , 1}:="CORNER";
     LL_CHAN_NOTES{ k , 1}:="CORNER";

    ENDIF
    ENDFOR 
    
    ! Lets set a generic Trans.X so that other functions can work properly
FOR s FROM 1 TO How_Many
    STEP +1 DO
        ! THIS IS A TEST TRIPPLE FOR LOOP
    FOR r FROM 1 TO 3
    STEP +1 DO
       
      IF LOAD_PUSH = TRUE THEN  
        !THIS VARYS BASED ON A LOAD_PUSH OR NOT
        IF LL_CHAN_WELDS{s,r}.trans.Y < ChanLam.trans.Y THEN
            LL_CHAN_WELDS{s,r}.TRANS.X := LX2 - FP_StickOut;
        ELSEIF LL_CHAN_WELDS{s,r}.trans.Y > ChanLam.trans.Y THEN
            LL_CHAN_WELDS{s,r}.TRANS.X := LX2 + BAR_THICKNESS - FP_StickOut;
        ENDIF
          
        IF RR_CHAN_WELDS{s,r}.trans.Y < ChanLam.trans.Y THEN
            RR_CHAN_WELDS{s,r}.TRANS.X := RX2 + FP_StickOut;
        ELSEIF RR_CHAN_WELDS{s,r}.trans.Y > ChanLam.trans.Y THEN
            RR_CHAN_WELDS{s,r}.TRANS.X :=RX2 - BAR_THICKNESS + FP_StickOut;
        ENDIF   
     
      ELSEIF LOAD_PUSH = FALSE THEN   
      
          IF LL_CHAN_WELDS{s,r}.trans.Y < (HORIZ_Y2 + BAR_THICKNESS + CHANNEL_LamBar_Length) THEN
            LL_CHAN_WELDS{s,r}.TRANS.X := LX2 - FP_StickOut;
        ELSEIF LL_CHAN_WELDS{s,r}.trans.Y > (HORIZ_Y2 + BAR_THICKNESS + CHANNEL_LamBar_Length) THEN
            LL_CHAN_WELDS{s,r}.TRANS.X := LX2 + BAR_THICKNESS - FP_StickOut;
        ENDIF
          
        IF RR_CHAN_WELDS{s,r}.trans.Y < (HORIZ_Y2 + BAR_THICKNESS + CHANNEL_LamBar_Length) THEN
            RR_CHAN_WELDS{s,r}.TRANS.X := RX2 + FP_StickOut;
        ELSEIF RR_CHAN_WELDS{s,r}.trans.Y > (HORIZ_Y2 + BAR_THICKNESS + CHANNEL_LamBar_Length) THEN
            RR_CHAN_WELDS{s,r}.TRANS.X :=RX2 - BAR_THICKNESS + FP_StickOut;
        ENDIF         
      
      ENDIF  
        
        
        
        IF  LR_CHAN_WELDS{s,r}.trans.Y < (Top_Of_Chan_Y - CHANNEL_LENGTH) OR LR_CHAN_WELDS{s,r}.trans.Y > Top_Of_Chan_Y  THEN
            LR_CHAN_WELDS{s,r}.TRANS.X := LX2 + BAR_THICKNESS + FP_StickOut;
        ELSEIF LR_CHAN_WELDS{s,r}.trans.Y > (Top_Of_Chan_Y - CHANNEL_LENGTH) AND (LR_CHAN_WELDS{s,r}.trans.Y <= Top_Of_Chan_Y) THEN
            LR_CHAN_WELDS{s,r}.TRANS.X := LX2 + BAR_THICKNESS + CHANNEL_WIDTH + FP_StickOut;
        ENDIF
        

       
        IF RL_CHAN_WELDS{s,r}.trans.Y < (Top_Of_Chan_Y - CHANNEL_LENGTH) OR RL_CHAN_WELDS{s,r}.TRANS.Y  > Top_Of_Chan_Y THEN
            RL_CHAN_WELDS{s,r}.TRANS.X := RX2 - BAR_THICKNESS - FP_StickOut;
        ELSEIF RL_CHAN_WELDS{s,r}.trans.Y > Top_Of_Chan_Y - CHANNEL_LENGTH AND RL_CHAN_WELDS{s,r}.trans.Y <= Top_Of_Chan_Y  THEN
            RL_CHAN_WELDS{s,r}.TRANS.X := RX2 - BAR_THICKNESS - CHANNEL_WIDTH - FP_StickOut;
        ENDIF

    ENDFOR
    ENDFOR

    DUNNED:   
    ENDPROC
    


    PROC LLnRR_CHAN_PLAN (
    INOUT NUM Uh_Hurdle)
!  NOTES
!  R25  ADDED LEFT_Hurdle & RIGHT_Hurdle  4/9/19
!  ADDED IF LESS THAN TIGHTBOX SKIP THE WELD
!  The outsides of the channels use this function, 
!  you can select "HORIZ_Y1",  "HORIZ_Y2",  HORIZ_Y3". 
!  Hopefully it will hop over the fences?

    VAR NUM RIGHT_Hurdle;
    VAR NUM Left_Hurdle;
    VAR NUM Hold_This;
    


IF Uh_Hurdle = 0 OR (Uh_Hurdle = FP_Height) THEN GOTO NOT_TODAY;
ENDIF

    ! THIS IS TO OFFSET THE HURDLES BY THE MISLOCATION
    ! OF THE HORIZONTAL BARS DURING TACK-UP
    
    !  ADD THE BAR DISPLACEMENT TO THE HURDLE
 IF Uh_Hurdle = HORIZ_Y1 THEN
        Left_Hurdle := HORIZ_Y1 + SR_LX2_Y1.TRANS.Y;
        Right_Hurdle := HORIZ_Y1 + SR_RX2_Y1.TRANS.Y;
 ELSEIF Uh_Hurdle = HORIZ_Y2 THEN
        Left_Hurdle := HORIZ_Y2 + SR_LX2_Y2.TRANS.Y;
        Right_Hurdle := HORIZ_Y2 + SR_RX2_Y2.TRANS.Y;
 ELSEIF Uh_Hurdle = HORIZ_Y3 THEN
        Left_Hurdle := HORIZ_Y3 + SR_LX2_Y3.TRANS.Y;
        Right_Hurdle := HORIZ_Y3 + SR_RX2_Y3.TRANS.Y;
 ELSEIF Uh_Hurdle = HORIZ_Y4 THEN
        Left_Hurdle := HORIZ_Y4 + SR_LX2_Y4.TRANS.Y;
        Right_Hurdle := HORIZ_Y4 + SR_RX2_Y4.TRANS.Y;
 ENDIF
 
 
 
FOR p FROM 2 TO How_Many
STEP +1 DO
    
!  SCENERIO : IS THE WELD OVERLAPPING THE HURDLE?
 IF ((LL_CHAN_WELDS{p,1}.trans.Y < (Left_Hurdle - NOZZLE_RADIUS)) AND (LL_CHAN_WELDS{p,3}.trans.Y >= (Left_Hurdle - NOZZLE_RADIUS))) OR   (((LL_CHAN_WELDS{p,1}.trans.Y <= (Left_Hurdle +  BAR_THICKNESS + NOZZLE_RADIUS)) AND (LL_CHAN_WELDS{p,3}.trans.Y > (Left_Hurdle + BAR_THICKNESS + NOZZLE_RADIUS)))) THEN
 
    !THEN Which half is bigger
        IF (LL_CHAN_WELDS{p,3}.Trans.Y - (Left_Hurdle + BAR_THICKNESS)) > ( (Left_Hurdle + BAR_THICKNESS) - LL_CHAN_WELDS{p,1}.Trans.Y) THEN
           
            ! THE TOP IS BIGGER, 
                LL_CHAN_WELDS{p,1}.Trans.Y := Left_Hurdle + HOW_LONG; !LL_CHAN_WELDS{p,3}.Trans.Y + BAR_THICKNESS ;
                LL_CHAN_WELDS{p,1}.extax := LL_CHAN_GOINGdown.extax;
                LL_CHAN_WELDS{p,1}.ROT := LL_CHAN_GOINGdown.ROT;
                LL_CHAN_WELDS{p,1}.RobConf := LL_CHAN_GOINGdown.RobConf;
                
                LL_CHAN_WELDS{p,2}.Trans.Y := (Left_Hurdle + BAR_THICKNESS + NOZZLE_RADIUS);
                LL_CHAN_WELDS{p,2}.extax := LL_CHAN_GOINGdown.extax;
                LL_CHAN_WELDS{p,2}.ROT := LL_CHAN_GOINGdown.ROT;
                LL_CHAN_WELDS{p,2}.RobConf := LL_CHAN_GOINGdown.RobConf;
                
                LL_CHAN_WELDS{p,3}.Trans.Y := (Left_Hurdle + BAR_THICKNESS + FP_StickOut);
                LL_CHAN_WELDS{p,3}.extax := LL_CHAN_GOINGdownCORNER.extax;
                LL_CHAN_WELDS{p,3}.ROT := LL_CHAN_GOINGdownCORNER.ROT;
                LL_CHAN_WELDS{p,3}.RobConf := LL_CHAN_GOINGdownCORNER.RobConf;
                
                !TPWrite" LL_CHAN_WELDS one is over the Hurdle.."\Num:=p;  
                LL_CHAN_NOTES{ p , 1}:="CORNER";
                LL_CHAN_NOTES{ p , 2}:="BUDGED";
                
        ELSEIF (LL_CHAN_WELDS{p,3}.Trans.Y - (Left_Hurdle + BAR_THICKNESS)) <= ((Left_Hurdle + BAR_THICKNESS ) - LL_CHAN_WELDS{p,1}.Trans.Y) THEN     
           
            ! THE BOTTOM IS BIGGGER
                LL_CHAN_WELDS{p,1}.Trans.Y :=  Left_Hurdle - How_Long  ;!LL_CHAN_WELDS{p,1}.Trans.Y - BAR_THICKNESS;
                LL_CHAN_WELDS{p,2}.Trans.Y := (Left_Hurdle - NOZZLE_RADIUS);
               
                LL_CHAN_WELDS{p,3}.Trans.Y := Left_Hurdle - FP_StickOut;             
                LL_CHAN_WELDS{p,3}.extax := LL_CHAN_GOINGUPCORNER.extax;
                LL_CHAN_WELDS{p,3}.ROT := LL_CHAN_GOINGUPCORNER.ROT;
                LL_CHAN_WELDS{p,3}.RobConf := LL_CHAN_GOINGUPCORNER.RobConf;
                !TPWrite" LL_CHAN_WELD is short of the Hurdle.."\Num:=p;  
                LL_CHAN_NOTES{ p , 1}:="CORNER";
                LL_CHAN_NOTES{ p , 2}:="FLIPPED";
   
         ENDIF
    ENDIF
 

         
!  SCENERIO : IS THE WELD OVERLAPPING THE HURDLE?
IF ((RR_CHAN_WELDS{p,1}.trans.Y < (RIGHT_Hurdle - NOZZLE_RADIUS)) AND (RR_CHAN_WELDS{p,3}.trans.Y >= (RIGHT_Hurdle - NOZZLE_RADIUS))) OR   (((RR_CHAN_WELDS{p,1}.trans.Y <= (RIGHT_Hurdle +  BAR_THICKNESS + NOZZLE_RADIUS)) AND (RR_CHAN_WELDS{p,3}.trans.Y > (RIGHT_Hurdle + BAR_THICKNESS + NOZZLE_RADIUS)))) THEN
 
    !THEN WHICH HALF IS BIGGER
        IF (RR_CHAN_WELDS{p,3}.Trans.Y - (RIGHT_Hurdle + BAR_THICKNESS)) > ( (RIGHT_Hurdle + BAR_THICKNESS) - RR_CHAN_WELDS{p,1}.Trans.Y) THEN
                  
                RR_CHAN_WELDS{p,1}.Trans.Y := RIGHT_Hurdle + How_Long;  !RR_CHAN_WELDS{p,3}.Trans.Y + BAR_THICKNESS;
                RR_CHAN_WELDS{p,1}.extax := RR_CHAN_GOINGdown.extax;
                RR_CHAN_WELDS{p,1}.ROT := RR_CHAN_GOINGdown.ROT;
                RR_CHAN_WELDS{p,1}.RobConf := RR_CHAN_GOINGdown.RobConf;
                
                RR_CHAN_WELDS{p,2}.Trans.Y := (RIGHT_Hurdle + BAR_THICKNESS + NOZZLE_RADIUS);
                RR_CHAN_WELDS{p,2}.extax := RR_CHAN_GOINGdown.extax;
                RR_CHAN_WELDS{p,2}.ROT := RR_CHAN_GOINGdown.ROT;
                RR_CHAN_WELDS{p,2}.RobConf := RR_CHAN_GOINGdown.RobConf;
                
                RR_CHAN_WELDS{p,3}.Trans.Y := (RIGHT_Hurdle + BAR_THICKNESS + FP_StickOut);
                RR_CHAN_WELDS{p,3}.extax := RR_CHAN_BOTTOMcorner.extax;
                RR_CHAN_WELDS{p,3}.ROT := RR_CHAN_BOTTOMcorner.ROT;
                RR_CHAN_WELDS{p,3}.RobConf := RR_CHAN_BOTTOMcorner.RobConf;
                     
                !TPWrite" RR_CHAN_WELDS one is over the Hurdle.."\Num:=p;  
                RR_CHAN_NOTES{ p , 1}:="CORNER";                 
                RR_CHAN_NOTES{ p , 2}:="BUDGED";                 
        ELSEIF (RR_CHAN_WELDS{p,3}.Trans.Y - (RIGHT_Hurdle + BAR_THICKNESS)) <= ((RIGHT_Hurdle + BAR_THICKNESS ) - RR_CHAN_WELDS{p,1}.Trans.Y) THEN     
             
            ! THE BOTTOM IS BIGGER
             
                RR_CHAN_WELDS{p,1}.Trans.Y := RIGHT_Hurdle - How_Long; ! RR_CHAN_WELDS{p,1}.Trans.Y - BAR_THICKNESS;
                RR_CHAN_WELDS{p,2}.Trans.Y := (RIGHT_Hurdle - NOZZLE_RADIUS);
                
                RR_CHAN_WELDS{p,3}.Trans.Y := RIGHT_Hurdle - FP_StickOut;             
                RR_CHAN_WELDS{p,3}.extax := RR_CHAN_TOPcorner.extax;
                RR_CHAN_WELDS{p,3}.ROT := RR_CHAN_TOPcorner.ROT;
                RR_CHAN_WELDS{p,3}.RobConf := RR_CHAN_TOPcorner.RobConf;
            
                RR_CHAN_NOTES{ p , 1}:="CORNER";
                RR_CHAN_NOTES{ p , 2}:="FLIPPED";
                !TPWrite" RR_CHAN_WELD is short of the Hurdle.."\Num:=p;                  
        ENDIF
ENDIF   
         
ENDFOR


         
         
         
 
  ! SCENERIO:  
   !           THE WELD START POINT IS LESS THAN (2 * NOZZLE_RADIUS) ABOVE THE HURDLE THEN THE WELD SHOULD BE FLIPPED DIRECTIONALLY
 
FOR w FROM 1 TO How_Many
STEP + 1 DO
    
    
IF (LL_CHAN_WELDS{w,1}.trans.Y - (LEFT_Hurdle + (2*NOZZLE_RADIUS)) < (2*NOZZLE_RADIUS)) AND (LL_CHAN_WELDS{w,1}.trans.Y > LEFT_Hurdle) AND (LL_CHAN_WELDS{w,3}.trans.Y > LEFT_Hurdle) AND LL_CHAN_NOTES{ w , 2} <> "BUDGED" AND LL_CHAN_NOTES{ w , 2} <> "FLIPPED"  THEN
    
    Hold_This := LL_CHAN_WELDS{w,1}.trans.Y;
    
    LL_CHAN_WELDS{w,1}.trans.Y := LL_CHAN_WELDS{w,3}.trans.Y  ; 
    LL_CHAN_WELDS{w,3}.trans.Y := Hold_This; 
    
    LL_CHAN_WELDS{w,1}.Rot := LL_CHAN_GOINGDOWN.Rot;  
    LL_CHAN_WELDS{w,2}.Rot := LL_CHAN_GOINGDOWN.Rot;     
    LL_CHAN_WELDS{w,3}.Rot := LL_CHAN_GOINGDOWN.Rot; 

    LL_CHAN_WELDS{w,1}.Extax := LL_CHAN_GOINGDOWN.Extax; 
    LL_CHAN_WELDS{w,2}.Extax := LL_CHAN_GOINGDOWN.Extax; 
    LL_CHAN_WELDS{w,3}.Extax := LL_CHAN_GOINGDOWN.Extax; 
    
    LL_CHAN_WELDS{w,1}.RobConf := LL_CHAN_GOINGDOWN.RobConf;  
    LL_CHAN_WELDS{w,2}.RobConf := LL_CHAN_GOINGDOWN.RobConf;     
    LL_CHAN_WELDS{w,3}.RobConf := LL_CHAN_GOINGDOWN.RobConf; 
    
ENDIF   

! SAME SCENERIO, OPPOSITE SIDE
IF RR_CHAN_WELDS{w,1}.trans.Y - (RIGHT_Hurdle + (2*NOZZLE_RADIUS)) < (2*NOZZLE_RADIUS) AND (RR_CHAN_WELDS{w,1}.trans.Y > RIGHT_Hurdle) AND (RR_CHAN_WELDS{w,3}.trans.Y > RIGHT_Hurdle) AND RR_CHAN_NOTES{ w , 2} <> "BUDGED" AND RR_CHAN_NOTES{ w , 2} <> "FLIPPED" THEN
    
    Hold_This := RR_CHAN_WELDS{w,1}.trans.Y;
    
    RR_CHAN_WELDS{w,1}.trans.Y := RR_CHAN_WELDS{w,3}.trans.Y; 
    RR_CHAN_WELDS{w,3}.trans.Y := Hold_This; 
    
    RR_CHAN_WELDS{w,1}.Rot := RR_CHAN_GOINGDOWN.Rot; 
    RR_CHAN_WELDS{w,2}.Rot := RR_CHAN_GOINGDOWN.Rot; 
    RR_CHAN_WELDS{w,3}.Rot := RR_CHAN_GOINGDOWN.Rot; 
    
    RR_CHAN_WELDS{w,1}.Extax := RR_CHAN_GOINGDOWN.Extax; 
    RR_CHAN_WELDS{w,2}.Extax := RR_CHAN_GOINGDOWN.Extax; 
    RR_CHAN_WELDS{w,3}.Extax := RR_CHAN_GOINGDOWN.Extax; 
    
    RR_CHAN_WELDS{w,1}.RobConf := RR_CHAN_GOINGDOWN.RobConf; 
    RR_CHAN_WELDS{w,2}.RobConf := RR_CHAN_GOINGDOWN.RobConf; 
    RR_CHAN_WELDS{w,3}.RobConf := RR_CHAN_GOINGDOWN.RobConf; 
    
ENDIF   
ENDFOR


!  AFTER THINGS HAVE BEEN SHIFTED, 

    !  IF THE WELD IS INSIDE THE TIGHTBOX THEN SKIP AS MANY WELDS AS NEEDED   !
 
 IF  Y1_TightBox = TRUE OR  Y2_TightBox = TRUE OR Y3_TightBox = TRUE OR Y4_TightBox = TRUE THEN
            FOR Z FROM 1 TO How_Many
            STEP +1 DO  
           
            IF  Y1_TightBox = TRUE AND  (LL_CHAN_WELDS{Z,1}.trans.Y < HORIZ_Y1) THEN
                 LL_CHAN_NOTES{ Z , 1}:= "SKIP";
                 RR_CHAN_NOTES{ Z , 1}:= "SKIP";
            ENDIF 
                
            IF  Y2_TightBox = TRUE AND  (LL_CHAN_WELDS{Z,1}.trans.Y > HORIZ_Y2) THEN
                 LL_CHAN_NOTES{ Z , 1}:= "SKIP";
                 RR_CHAN_NOTES{ Z , 1}:= "SKIP";
            ENDIF    
            
            IF  Y3_TightBox = TRUE AND  (LL_CHAN_WELDS{Z,3}.trans.Y > HORIZ_Y3) THEN
                 LL_CHAN_NOTES{ Z , 1}:= "SKIP";
                 RR_CHAN_NOTES{ Z , 1}:= "SKIP";
            ENDIF
            
            IF  Y4_TightBox = TRUE AND  (LL_CHAN_WELDS{Z,3}.trans.Y > HORIZ_Y4) THEN
                 LL_CHAN_NOTES{ Z , 1}:= "SKIP";
                 RR_CHAN_NOTES{ Z , 1}:= "SKIP";
            ENDIF    
            
          ENDFOR
 ENDIF



NOT_TODAY: 


ENDPROC




PROC LRnRL_CHAN_PLAN (
    STRING THE_OBJECT)
    

!  NOTES
! This is for the INSIDE of the channels
!  R23  ADDED LEFT_Hurdle & RIGHT_Hurdle  4/9/19
    
VAR NUM LEFT_Hurdle := 0;
VAR NUM RIGHT_Hurdle := 0;
VAR NUM Uh_Hurdle := 0;
VAR NUM Hold_This;
VAR NUM WELD_REMAINDER;


        
 IF THE_OBJECT = "Anchor" THEN
     Uh_Hurdle := Anchor_Y;
     
 ELSEIF THE_OBJECT = "Push_Stop" THEN
     Uh_Hurdle := Anchor_Y + ANCHOR_2_PushStop.trans.Y;
     
 ELSEIF THE_OBJECT = "Chan_Bottom" THEN
     Uh_Hurdle := Top_Of_Chan_Y - CHANNEL_LENGTH;
     
 ELSEIF THE_OBJECT = "Y3"  and MY3_Weld_Count > 0 THEN
     Uh_Hurdle := HORIZ_Y3;
     Left_Hurdle := HORIZ_Y3 + SR_LX2_Y3.TRANS.Y;
     Right_Hurdle := HORIZ_Y3 + SR_RX2_Y3.TRANS.Y;
     
 ELSEIF THE_OBJECT = "Y4" and MY4_Weld_Count > 0  THEN
     Uh_Hurdle := HORIZ_Y4; 
     Left_Hurdle := HORIZ_Y4 + SR_LX2_Y4.TRANS.Y;
     Right_Hurdle := HORIZ_Y4 + SR_RX2_Y4.TRANS.Y;
 
 ENDIF
 
 ! NOTES
 !  ADDED  " and MY3_Weld_Count > 0 THEN " TO KEEP THE WELD FROM BEING FLIPPED OVER WHEN THERE IS NO CENTER BAR 6/3/20 SS
 
 
 
 

! test for push_only = true then
!!   test for anchor
!    test for ANCHOR_2_PushStop
!  endif
! test all for channel bottom, if channel_bottom < 1/2 stitch then flip weld sequence from ODD to EVEN
! if y3 <> fp_height then test 50/50 stitch over y3_hurdle

IF LOAD_PUSH = TRUE THEN  
 
 IF THE_OBJECT = "Anchor" THEN 
    
 FOR e FROM 2 TO How_Many
 STEP + 1 DO
 
 IF ((LR_CHAN_WELDS{e,1}.Trans.Y < Uh_Hurdle )) OR (LR_CHAN_WELDS{e,1}.Trans.Y < Uh_Hurdle AND LR_CHAN_WELDS{e,3}.Trans.Y > (Uh_Hurdle - 20))  OR  (LR_CHAN_WELDS{e,1}.Trans.Y < Uh_Hurdle + 45 AND LR_CHAN_WELDS{e,3}.Trans.Y > (Uh_Hurdle + 45)) THEN
! SKIP this weld, it's too tight
        LR_CHAN_NOTES{e,1} := "SKIP";
ENDIF

 IF ((RL_CHAN_WELDS{e,1}.Trans.Y < Uh_Hurdle )) OR (RL_CHAN_WELDS{e,1}.Trans.Y < Uh_Hurdle AND RL_CHAN_WELDS{e,3}.Trans.Y > (Uh_Hurdle - 20))  OR  (RL_CHAN_WELDS{e,1}.Trans.Y < Uh_Hurdle + 45 AND RL_CHAN_WELDS{e,3}.Trans.Y > (Uh_Hurdle + 45)) THEN
! SKIP this weld, it's too tight
RL_CHAN_NOTES{e,1} := "SKIP";


! WAS ...
!     IF ((RL_CHAN_WELDS{e,1}.Trans.Y < Uh_Hurdle AND RL_CHAN_WELDS{e,3}.Trans.Y > Uh_Hurdle)) OR (RL_CHAN_WELDS{e,1}.Trans.Y < Uh_Hurdle AND RL_CHAN_WELDS{e,3}.Trans.Y > (Uh_Hurdle - 20))  OR  (RL_CHAN_WELDS{e,1}.Trans.Y < Uh_Hurdle + 45 AND RL_CHAN_WELDS{e,3}.Trans.Y > (Uh_Hurdle + 45)) THEN
! UpDated 7/22/21/SS skipping all weld below the anchor on LRnRL, just to satisify the need of having a channel 6898779 on a Friday when I'm not here and Dan W. will just walk away.

ENDIF
ENDFOR    
ENDIF   


IF THE_OBJECT = "Push_Stop" THEN
 FOR p FROM 2 TO How_Many
 STEP + 1 DO 

  ! this test is for the LR_Chan weld overlapping with the Load_Push bump stop
  ! there are conditions:
  ! for starting below the round and overlapping into it, THEN trim it 
  ! for being more than half way in to it, THEN skip
  ! 
  ! for starting over half way thru the ROUND, THEN flip the path and tie it in.
  ! for being closer that (2*NOZZLE_RAD) from it,  THEN just flip the path.
  
  IF ABS(RL_CHAN_WELDS{p,3}.trans.Y - Uh_Hurdle ) <= NOZZLE_RADIUS AND RL_CHAN_WELDS{p,3}.trans.Y >= (Uh_Hurdle - NOZZLE_RADIUS) AND Abs(RL_CHAN_WELDS{p,1}.trans.Y - Uh_Hurdle)  >= (How_Long/2) THEN
    ! This test if the weld end is closer than 1*NOZZLE_RADIUS from the bottom, THEN TIE IT IN
    RL_CHAN_WELDS{p,1}.Trans.Y := RL_CHAN_WELDS{p,1}.Trans.Y;
    RL_CHAN_WELDS{p,1}.extax := RL_CHAN_GOINGup.extax;
    RL_CHAN_WELDS{p,1}.ROT := RL_CHAN_GOINGup.ROT;
    RL_CHAN_WELDS{p,1}.RobConf := RL_CHAN_GOINGup.RobConf;
    
    RL_CHAN_WELDS{p,2}.Trans.Y := (Uh_Hurdle - NOZZLE_RADIUS);
    RL_CHAN_WELDS{p,2}.extax := RL_CHAN_GOINGup.extax;
    RL_CHAN_WELDS{p,2}.ROT := RL_CHAN_GOINGup.ROT;
    RL_CHAN_WELDS{p,2}.RobConf := RL_CHAN_GOINGup.RobConf;
    
    RL_CHAN_WELDS{p,3}.Trans.Y := (Uh_Hurdle - FP_StickOut);
    RL_CHAN_WELDS{p,3}.extax := RL_Chan_goingUPcorner.extax;
    RL_CHAN_WELDS{p,3}.ROT := RL_CHAN_GOINGupCORNER.ROT;
    RL_CHAN_WELDS{p,3}.RobConf := RL_CHAN_GOINGupCORNER.RobConf;
    RL_CHAN_NOTES{p,1} := "CORNER";
  
  ELSEIF ABS( RL_CHAN_WELDS{p,1}.Trans.Y - Uh_Hurdle) <= (How_Long/2) AND (RL_CHAN_WELDS{p,1}.TRANS.Y <= Uh_Hurdle) AND (RL_CHAN_WELDS{p,3}.TRANS.Y > Uh_Hurdle) THEN
    ! IF THE WELD IS MORE THAN HALF WAY INTO THE ROUND, FROM THE BOTTOM SIDE, SKIP IT
    RL_CHAN_NOTES{p,1} := "SKIP";
    WaitTime\InPos,.05;
   
  ELSEIF ABS(RL_CHAN_WELDS{p,1}.Trans.Y - (Uh_Hurdle + (2*PUSH_RND_RADIUS))) <= (How_Long/2) AND RL_CHAN_WELDS{p,1}.TRANS.Y <= (Uh_Hurdle + (2*PUSH_RND_RADIUS)) AND RL_CHAN_WELDS{p,3}.TRANS.Y >= (Uh_Hurdle + (2*PUSH_RND_RADIUS)) THEN
    ! IF THE WELD IS MORE THAN HALF WAY INTO THE ROUND, FROM THE TOP SIDE, SKIP IT; CHANGED TO LESS THAN 10/19/20/SS 6894640 WAS CRASHING ON PUSHSTOP
    RL_CHAN_NOTES{p,1} := "SKIP";        
    WaitTime\InPos,.05;
  
  ELSEIF ABS(RL_CHAN_WELDS{p,1}.trans.Y - (Uh_Hurdle + (2*PUSH_RND_RADIUS))) <= (NOZZLE_RADIUS) AND (RL_CHAN_WELDS{p,1}.trans.Y >= (Uh_Hurdle + (PUSH_RND_RADIUS))) AND (RL_CHAN_WELDS{p,3}.trans.Y >= (Uh_Hurdle + (2*PUSH_RND_RADIUS))) THEN
    ! IF THE WELD START IS LESS THAN A NOZZLE_RADIUS FROM THE TOP OF THE ROUND, THEN FLIP THE PATH AND TIE IT IN TO THE TO TOP OF THE ROUND
    Hold_This := RL_CHAN_WELDS{p,1}.Trans.Y;
    RL_CHAN_WELDS{p,1}.Trans.Y := RL_CHAN_WELDS{p,3}.Trans.Y;
    RL_CHAN_WELDS{p,1}.extax := RL_CHAN_GOINGDOWN.extax;
    RL_CHAN_WELDS{p,1}.ROT := RL_CHAN_GOINGDOWN.ROT;
    RL_CHAN_WELDS{p,1}.RobConf := RL_CHAN_GOINGDOWN.RobConf;
    
    RL_CHAN_WELDS{p,2}.Trans.Y := Hold_This + NOZZLE_RADIUS;
    RL_CHAN_WELDS{p,2}.extax := RL_CHAN_GOINGDOWN.extax;
    RL_CHAN_WELDS{p,2}.ROT := RL_CHAN_GOINGDOWN.ROT;
    RL_CHAN_WELDS{p,2}.RobConf := RL_CHAN_GOINGDOWN.RobConf;
    
    RL_CHAN_WELDS{p,3}.Trans.Y := Uh_Hurdle + (2* PUSH_RND_RADIUS) + FP_StickOut;
    RL_CHAN_WELDS{p,3}.extax := RL_Chan_BOTTOMcorner.extax;
    RL_CHAN_WELDS{p,3}.ROT := RL_Chan_BOTTOMcorner.ROT;
    RL_CHAN_WELDS{p,3}.RobConf := RL_Chan_BOTTOMcorner.RobConf;
    RL_CHAN_NOTES{p,1} := "CORNER";    
    
  ELSEIF ABS(RL_CHAN_WELDS{p,1}.trans.Y - (Uh_Hurdle + (2*PUSH_RND_RADIUS))) <= (2*NOZZLE_RADIUS) AND (RL_CHAN_WELDS{p,1}.trans.Y >= (Uh_Hurdle + (2*PUSH_RND_RADIUS))) AND (RL_CHAN_WELDS{p,3}.trans.Y >= (Uh_Hurdle + (2*PUSH_RND_RADIUS))) THEN
    ! IF THE WELD START IS LESS THAN (2*NOZZLE_RADIUS) ABOVE THE ROUND, THEN JUST FLIP THE PATH
    Hold_This := RL_CHAN_WELDS{p,1}.trans.Y;
    RL_CHAN_WELDS{p,1}.trans.Y := RL_CHAN_WELDS{p,3}.trans.Y; 
    RL_CHAN_WELDS{p,3}.trans.Y := Hold_This; 
    
    RL_CHAN_WELDS{p,1}.Rot := RL_CHAN_GOINGDOWN.Rot; 
    RL_CHAN_WELDS{p,2}.Rot := RL_CHAN_GOINGDOWN.Rot; 
    RL_CHAN_WELDS{p,3}.Rot := RL_CHAN_GOINGDOWN.Rot; 
    
    RL_CHAN_WELDS{p,1}.Extax := RL_CHAN_GOINGDOWN.Extax; 
    RL_CHAN_WELDS{p,2}.Extax := RL_CHAN_GOINGDOWN.Extax; 
    RL_CHAN_WELDS{p,3}.Extax := RL_CHAN_GOINGDOWN.Extax; 
    
    RL_CHAN_WELDS{p,1}.RobConf := RL_CHAN_GOINGDOWN.RobConf; 
    RL_CHAN_WELDS{p,2}.RobConf := RL_CHAN_GOINGDOWN.RobConf; 
    RL_CHAN_WELDS{p,3}.RobConf := RL_CHAN_GOINGDOWN.RobConf; 
    RL_CHAN_NOTES{p,1} := "FLAT";  
  ENDIF
  
  !!  the LR_Chan  and RL_Chan IF's Above AND Below are identical
  
  IF ABS(LR_CHAN_WELDS{p,3}.trans.Y - Uh_Hurdle) <= NOZZLE_RADIUS AND LR_CHAN_WELDS{p,3}.trans.Y >= (Uh_Hurdle - NOZZLE_RADIUS) AND ABS(LR_CHAN_WELDS{p,1}.trans.Y - Uh_Hurdle)  >= (How_Long/2) THEN
    ! This test if the weld end is closer than 1*NOZZLE_RADIUS from the bottom, THEN 
    LR_CHAN_WELDS{p,1}.Trans.Y := LR_CHAN_WELDS{p,1}.Trans.Y;
    LR_CHAN_WELDS{p,1}.extax := LR_CHAN_GOINGup.extax;
    LR_CHAN_WELDS{p,1}.ROT := LR_CHAN_GOINGup.ROT;
    LR_CHAN_WELDS{p,1}.RobConf := LR_CHAN_GOINGup.RobConf;
    
    LR_CHAN_WELDS{p,2}.Trans.Y := (Uh_Hurdle - NOZZLE_RADIUS);
    LR_CHAN_WELDS{p,2}.extax := LR_CHAN_GOINGup.extax;
    LR_CHAN_WELDS{p,2}.ROT := LR_CHAN_GOINGup.ROT;
    LR_CHAN_WELDS{p,2}.RobConf := LR_CHAN_GOINGup.RobConf;
    
    LR_CHAN_WELDS{p,3}.Trans.Y := (Uh_Hurdle - FP_StickOut);
    LR_CHAN_WELDS{p,3}.extax := LR_CHAN_goingup_corner.extax;
    LR_CHAN_WELDS{p,3}.ROT := LR_CHAN_goingup_corner.ROT;
    LR_CHAN_WELDS{p,3}.RobConf := LR_CHAN_goingup_corner.RobConf;
    LR_CHAN_NOTES{p,1} := "CORNER";
     
  ELSEIF ABS( LR_CHAN_WELDS{p,1}.Trans.Y - Uh_Hurdle) <= (How_Long/2) AND (LR_CHAN_WELDS{p,1}.TRANS.Y <= Uh_Hurdle) AND (LR_CHAN_WELDS{p,3}.TRANS.Y >= Uh_Hurdle) THEN
    ! IF THE WELD IS MORE THAN HALF WAY INTO THE ROUND, FROM THE BOTTOM SIDE, SKIP IT
    LR_CHAN_NOTES{p,1} := "SKIP";        
    WaitTime\InPos,.05;
    
  ELSEIF ABS(LR_CHAN_WELDS{p,1}.Trans.Y - (Uh_Hurdle + (2*PUSH_RND_RADIUS))) <= (How_Long/2) AND LR_CHAN_WELDS{p,1}.TRANS.Y <= (Uh_Hurdle + (2*PUSH_RND_RADIUS)) AND LR_CHAN_WELDS{p,3}.TRANS.Y >= (Uh_Hurdle + (2*PUSH_RND_RADIUS)) THEN
    ! IF THE WELD IS MORE THAN HALF WAY INTO THE ROUND, FROM THE TOP SIDE, SKIP IT; CHANGED TO LESS THAN 10/19/20/SS 6894640 WAS CRASHING ON PUSHSTOP
    LR_CHAN_NOTES{p,1} := "SKIP";        
    WaitTime\InPos,.05;
    
  ELSEIF ABS(LR_CHAN_WELDS{p,1}.trans.Y - (Uh_Hurdle + (2*PUSH_RND_RADIUS))) <= (NOZZLE_RADIUS) AND (LR_CHAN_WELDS{p,1}.trans.Y >= (Uh_Hurdle + (PUSH_RND_RADIUS))) AND (LR_CHAN_WELDS{p,3}.trans.Y >= (Uh_Hurdle + (2*PUSH_RND_RADIUS))) THEN
    ! IF THE WELD START IS LESS THAN A NOZZLE_RADIUS FROM THE TOP OF THE ROUND, THEN FLIP THE PATH AND TIE IT IN TO THE TO TOP OF THE ROUND
    Hold_This := LR_CHAN_WELDS{p,1}.Trans.Y;
    LR_CHAN_WELDS{p,1}.Trans.Y := LR_CHAN_WELDS{p,3}.Trans.Y;
    LR_CHAN_WELDS{p,1}.extax := LR_CHAN_GOINGDOWN.extax;
    LR_CHAN_WELDS{p,1}.ROT := LR_CHAN_GOINGDOWN.ROT;
    LR_CHAN_WELDS{p,1}.RobConf := LR_CHAN_GOINGDOWN.RobConf;
    
    LR_CHAN_WELDS{p,2}.Trans.Y := Hold_This + NOZZLE_RADIUS;
    LR_CHAN_WELDS{p,2}.extax := LR_CHAN_GOINGDOWN.extax;
    LR_CHAN_WELDS{p,2}.ROT := LR_CHAN_GOINGDOWN.ROT;
    LR_CHAN_WELDS{p,2}.RobConf := LR_CHAN_GOINGDOWN.RobConf;
    
    LR_CHAN_WELDS{p,3}.Trans.Y := Uh_Hurdle + (2* PUSH_RND_RADIUS) + FP_StickOut;
    LR_CHAN_WELDS{p,3}.extax := LR_CHAN_goingdown_corner.extax;
    LR_CHAN_WELDS{p,3}.ROT := LR_CHAN_goingdown_corner.ROT;
    LR_CHAN_WELDS{p,3}.RobConf := LR_CHAN_goingdown_corner.RobConf;
    LR_CHAN_NOTES{p,1} := "CORNER";    
  
  ELSEIF ABS(LR_CHAN_WELDS{p,1}.trans.Y - (Uh_Hurdle + (2*PUSH_RND_RADIUS))) <= (2*NOZZLE_RADIUS) AND (LR_CHAN_WELDS{p,1}.trans.Y >= (Uh_Hurdle + (2*PUSH_RND_RADIUS))) AND (LR_CHAN_WELDS{p,3}.trans.Y >= (Uh_Hurdle + (2*PUSH_RND_RADIUS)) + NOZZLE_RADIUS) THEN
    ! IF THE WELD START IS LESS THAN (2*NOZZLE_RADIUS) ABOVE THE ROUND, THEN JUST FLIP THE PATH
    Hold_This := LR_CHAN_WELDS{p,1}.trans.Y;
    LR_CHAN_WELDS{p,1}.trans.Y := LR_CHAN_WELDS{p,3}.trans.Y; 
    LR_CHAN_WELDS{p,3}.trans.Y := Hold_This; 
    
    LR_CHAN_WELDS{p,1}.Rot := LR_CHAN_GOINGDOWN.Rot; 
    LR_CHAN_WELDS{p,2}.Rot := LR_CHAN_GOINGDOWN.Rot; 
    LR_CHAN_WELDS{p,3}.Rot := LR_CHAN_GOINGDOWN.Rot; 

    LR_CHAN_WELDS{p,1}.Extax := LR_CHAN_GOINGDOWN.Extax; 
    LR_CHAN_WELDS{p,2}.Extax := LR_CHAN_GOINGDOWN.Extax; 
    LR_CHAN_WELDS{p,3}.Extax := LR_CHAN_GOINGDOWN.Extax; 

    LR_CHAN_WELDS{p,1}.RobConf := LR_CHAN_GOINGDOWN.RobConf; 
    LR_CHAN_WELDS{p,2}.RobConf := LR_CHAN_GOINGDOWN.RobConf; 
    LR_CHAN_WELDS{p,3}.RobConf := LR_CHAN_GOINGDOWN.RobConf; 
    LR_CHAN_NOTES{p,1} := "FLAT";  
  ENDIF
  
 ENDFOR
ENDIF
ENDIF  
  

IF THE_OBJECT = "Chan_Bottom" THEN

 FOR n FROM 1 TO How_Many
 STEP + 1 DO
 
IF LR_CHAN_WELDS{n,1}.Trans.X <> LR_CHAN_WELDS{n+2,1}.Trans.X AND LR_CHAN_WELDS{n,2}.Trans.X <> LR_CHAN_WELDS{n+2,2}.Trans.X AND LR_CHAN_WELDS{n,3}.Trans.X <> LR_CHAN_WELDS{n+2,3}.Trans.X AND (LR_CHAN_WELDS{n+2,1}.Trans.y < Top_Of_Chan_Y) THEN
       ! This is where 2 welds spaced apart by a "WELD_LENGTH or stitched", wholly land on chan and chan-flat, it only happens in one place.

IF ((Uh_Hurdle - LR_CHAN_WELDS{n+1,1}.Trans.Y) < (How_Long/2) AND (n+1) < How_Many) THEN !(LR_CHAN_WELDS{n+1,3}.Trans.Y - Uh_Hurdle))
    ! This asks if the top of N+1 is larger than the bottom, 
    ! WELD START TO THE HURDLE AND DECLARE THE Parity(Odd Or Even) begins the Inside chan weld sequence
    LR_CHAN_WELDS{n+1,1}.Trans.Y := Uh_Hurdle + 2.0;
    LR_CHAN_WELDS{n+1,1}.Rot := LR_CHANFLAT_GOINGup.Rot;
    LR_CHAN_WELDS{n+1,1}.RobConf := LR_CHANFLAT_GOINGup.RobConf;
    LR_CHAN_WELDS{n+1,1}.Extax := LR_CHANFLAT_GOINGup.Extax;

    IF BitCheck(n+1,1) = TRUE THEN
           WeldODDs_Inside_LRnRL := TRUE;
           WeldEVENs_Outside_LLnRR := TRUE;
       ELSEIF BitCheck(n+1,1) = FALSE THEN
           WeldODDs_Inside_LRnRL := FALSE;
           WeldEVENs_Outside_LLnRR := FALSE;
       ENDIF 
    !TPWrite " n is ="\Num:=n;
    tpwrite "WeldEVENs_Outside_LLnRR ="\Bool:=WeldEVENs_Outside_LLnRR; 

ELSEIF  ((Uh_Hurdle - LR_CHAN_WELDS{n+1,1}.Trans.Y) >= (How_Long/2) AND (n+1) < How_Many) THEN !(LR_CHAN_WELDS{n+1,3}.Trans.Y - Uh_Hurdle))
    LR_CHAN_WELDS{n+2,1}.Trans.Y := Uh_Hurdle + 2.0;
    LR_CHAN_WELDS{n+2,1}.Rot := LR_CHANFLAT_GOINGup.Rot;               
    LR_CHAN_WELDS{n+2,1}.RobConf := LR_CHANFLAT_GOINGup.RobConf;               
    LR_CHAN_WELDS{n+2,1}.Extax := LR_CHANFLAT_GOINGup.Extax;               

    IF BitCheck(n+2,1) = TRUE THEN
           WeldODDs_Inside_LRnRL := TRUE;
           WeldEVENs_Outside_LLnRR := TRUE;
       ELSEIF BitCheck(n + 2,1) = FALSE THEN
           WeldODDs_Inside_LRnRL := FALSE;
           WeldEVENs_Outside_LLnRR := FALSE;
       ENDIF
    !TPWrite " n is ="\Num:=n;
    tpwrite "WeldEVENs_Outside_LLnRR ="\Bool:=WeldEVENs_Outside_LLnRR; 

ENDIF
ENDIF

IF RL_CHAN_WELDS{n,1}.Trans.X <> RL_CHAN_WELDS{n+2,1}.Trans.X AND RL_CHAN_WELDS{n,2}.Trans.X <> RL_CHAN_WELDS{n+2,2}.Trans.X AND RL_CHAN_WELDS{n,3}.Trans.X <> RL_CHAN_WELDS{n+2,3}.Trans.X AND (RL_CHAN_WELDS{n+2,1}.Trans.Y < Top_Of_Chan_Y) THEN
       ! This is where 2 welds spaced apart by a "WELD_LENGTH or stitched", wholly land on chan and chan-flat, it only happens in one place.
 
IF ((Uh_Hurdle - RL_CHAN_WELDS{n+1,1}.Trans.Y) < (How_Long/2) AND (n+1) < How_Many) THEN !(RL_CHAN_WELDS{n+1,3}.Trans.Y - Uh_Hurdle)) AND ((n+1) < How_Many)
    ! This asks if the top of N+1 is larger than the bottom, 
    ! WELD START TO THE HURDLE AND DECLARE THE Parity(Odd Or Even) begins the Inside chan weld sequence
    RL_CHAN_WELDS{n+1,1}.Trans.Y := Uh_Hurdle + 2.0;
    RL_CHAN_WELDS{n+1,1}.Rot := RL_CHANFLAT_GOINGup.Rot;
    RL_CHAN_WELDS{n+1,1}.RobConf := RL_CHANFLAT_GOINGup.RobConf;
    RL_CHAN_WELDS{n+1,1}.Extax := RL_CHANFLAT_GOINGup.Extax;

    IF BitCheck(n+1,1) = TRUE THEN
           WeldODDs_Inside_LRnRL := TRUE;
           WeldEVENs_Outside_LLnRR := TRUE;
       ELSEIF BitCheck(n+1,1) = FALSE THEN
           WeldODDs_Inside_LRnRL := FALSE;
           WeldEVENs_Outside_LLnRR := FALSE;
       ENDIF
    !TPWrite " n is ="\Num:=n;
    tpwrite "WeldEVENs_Outside_LLnRR ="\Bool:=WeldEVENs_Outside_LLnRR; 

ELSEIF  ((Uh_Hurdle - RL_CHAN_WELDS{n+1,1}.Trans.Y) >= (How_Long/2) AND (n+1) < How_Many)  THEN  !(RL_CHAN_WELDS{n+1,3}.Trans.Y - Uh_Hurdle))
   
    RL_CHAN_WELDS{n+2,1}.Trans.Y := Uh_Hurdle + 2.0;
    RL_CHAN_WELDS{n+2,1}.Rot := RL_CHANFLAT_GOINGup.Rot;
    RL_CHAN_WELDS{n+2,1}.RobConf := RL_CHANFLAT_GOINGup.RobConf;
    RL_CHAN_WELDS{n+2,1}.Extax := RL_CHANFLAT_GOINGup.Extax;
    
    IF BitCheck(n+2,1) = TRUE THEN
           WeldODDs_Inside_LRnRL := TRUE;
           WeldEVENs_Outside_LLnRR := TRUE;
       ELSEIF BitCheck(n+2,1) = FALSE THEN
           WeldODDs_Inside_LRnRL := FALSE;
           WeldEVENs_Outside_LLnRR := FALSE;
       ENDIF
    !TPWrite " n is ="\Num:=n;
    tpwrite "WeldEVENs_Outside_LLnRR ="\Bool:=WeldEVENs_Outside_LLnRR; 
ENDIF
ENDIF
ENDFOR
ENDIF
!WaitTime 1;


! R27  Changed below line from --->  "THE_OBJECT = "Y4" AND HORIZ_Y4 <> FP_Height"
IF (THE_OBJECT = "Y3" AND HORIZ_Y3 <> FP_Height) OR ( THE_OBJECT = "Y4" AND HORIZ_Y4 = FP_Height) THEN

FOR m FROM 2 TO How_Many
STEP + 1 DO

	

			
	
	
!THIS IS A TEST FOR THE TOP OF THE CHANNEL WHEN THE FP HAS AN EXTRA SECTION
IF (((LR_CHAN_WELDS{m,1}.trans.Y < (LEFT_Hurdle - NOZZLE_RADIUS)) AND (LR_CHAN_WELDS{m,3}.trans.Y >= (LEFT_Hurdle - NOZZLE_RADIUS))) OR ((LR_CHAN_WELDS{m,1}.trans.Y < (LEFT_Hurdle +  BAR_THICKNESS + NOZZLE_RADIUS)) AND (LR_CHAN_WELDS{m,3}.trans.Y >= (LEFT_Hurdle + BAR_THICKNESS + NOZZLE_RADIUS)))) THEN
IF  LEFT_Hurdle - LR_CHAN_WELDS{m,1}.trans.Y >= LR_CHAN_WELDS{m,3}.TRANS.Y - (LEFT_Hurdle) THEN
! IF THE BOTTOM HALF IS LONGER
     
     !LR_CHAN_WELDS{m,1}.trans.Y := Uh_Hurdle - How_Long;
     LR_CHAN_WELDS{m,1}.ROT := LR_CHANFLAT_GOINGup.ROT;
     LR_CHAN_WELDS{m,1}.EXTAX := LR_CHANFLAT_GOINGup.EXTAX;
     LR_CHAN_WELDS{m,1}.RobConf := LR_CHANFLAT_GOINGup.RobConf;
     
     LR_CHAN_WELDS{m,2}.trans.Y := Uh_Hurdle - NOZZLE_RADIUS;
     LR_CHAN_WELDS{m,2}.ROT := LR_CHANFLAT_GOINGup.ROT;
     LR_CHAN_WELDS{m,2}.EXTAX := LR_CHANFLAT_GOINGup.EXTAX;
     LR_CHAN_WELDS{m,2}.RobConf := LR_CHANFLAT_GOINGup.RobConf;
     
     LR_CHAN_WELDS{m,3}.trans.Y := Uh_Hurdle - FP_StickOut;
     LR_CHAN_WELDS{m,3}.ROT := LR_CHAN_GOINGup_CORNER.ROT;
     LR_CHAN_WELDS{m,3}.EXTAX := LR_CHAN_GOINGup_CORNER.EXTAX;
     LR_CHAN_WELDS{m,3}.RobConf := LR_CHAN_GOINGup_CORNER.RobConf;
     
     LR_CHAN_NOTES{m,1}:= "CORNER";
     WaitTime\InPos,.05;
     
ELSEIF (LEFT_Hurdle - NOZZLE_RADIUS) - LR_CHAN_WELDS{m,1}.trans.Y < LR_CHAN_WELDS{m,3}.TRANS.Y - (LEFT_Hurdle + BAR_THICKNESS) THEN
     ! IF THE TOP HALF IS LONGER, THEN HERDLE THEN FLIP IT
     WELD_REMAINDER := LR_CHAN_WELDS{m,3}.trans.Y - LEFT_Hurdle;  
     
     LR_CHAN_WELDS{m,1}.trans.Y := LEFT_Hurdle + WELD_REMAINDER;
     LR_CHAN_WELDS{m,1}.ROT := LR_CHAN_GOINGdown.ROT;
     LR_CHAN_WELDS{m,1}.EXTAX := LR_CHAN_GOINGdown.EXTAX;
     LR_CHAN_WELDS{m,1}.RobConf := LR_CHAN_GOINGdown.RobConf;
     
     LR_CHAN_WELDS{m,2}.trans.Y := LEFT_Hurdle + BAR_THICKNESS + FP_StickOut + NOZZLE_RADIUS;
     LR_CHAN_WELDS{m,2}.ROT := LR_CHAN_GOINGdown.ROT;
     LR_CHAN_WELDS{m,2}.EXTAX := LR_CHAN_GOINGdown.EXTAX;
     LR_CHAN_WELDS{m,2}.RobConf := LR_CHAN_GOINGdown.RobConf;
     
     LR_CHAN_WELDS{m,3}.trans.Y := LEFT_Hurdle + BAR_THICKNESS + FP_StickOut; 
     LR_CHAN_WELDS{m,3}.ROT := LR_CHAN_goingdown_corner.ROT;
     LR_CHAN_WELDS{m,3}.EXTAX := LR_CHAN_goingdown_corner.EXTAX;
     LR_CHAN_WELDS{m,3}.RobConf := LR_CHAN_goingdown_corner.RobConf;
     LR_CHAN_NOTES{m,1}:= "CORNER";
     WaitTime\InPos,.05;
ENDIF
ENDIF

!THIS IS A TEST FOR THE TOP OF THE CHANNEL WHEN THE FP HAS AN EXTRA SECTION
IF ((RL_CHAN_WELDS{m,1}.trans.Y < (RIGHT_Hurdle - NOZZLE_RADIUS)) AND (RL_CHAN_WELDS{m,3}.trans.Y >= (RIGHT_Hurdle - NOZZLE_RADIUS))) OR (( RL_CHAN_WELDS{m,3}.trans.Y >= (RIGHT_Hurdle + BAR_THICKNESS + NOZZLE_RADIUS)) AND (RL_CHAN_WELDS{m,1}.trans.Y < (RIGHT_Hurdle + BAR_THICKNESS + NOZZLE_RADIUS)))  THEN
IF  RIGHT_Hurdle - RL_CHAN_WELDS{m,1}.trans.Y >= RL_CHAN_WELDS{m,3}.trans.Y - (RIGHT_Hurdle) THEN
     ! IF THE BOTTOM HALF IS LONGER
    
     ! RL_CHAN_WELDS{m,1}.trans.Y := Uh_Hurdle - WELD_REMAINDER;
     RL_CHAN_WELDS{m,1}.ROT := RL_CHANFLAT_goingup.ROT;
     RL_CHAN_WELDS{m,1}.EXTAX := RL_CHANFLAT_goingup.EXTAX;
     RL_CHAN_WELDS{m,1}.RobConf := RL_CHANFLAT_goingup.RobConf;
     
     RL_CHAN_WELDS{m,2}.trans.Y := RIGHT_Hurdle - NOZZLE_RADIUS;
     RL_CHAN_WELDS{m,2}.ROT := RL_CHANFLAT_goingup.ROT;
     RL_CHAN_WELDS{m,2}.EXTAX := RL_CHANFLAT_goingup.EXTAX;
     RL_CHAN_WELDS{m,2}.RobConf := RL_CHANFLAT_goingup.RobConf;
     
     RL_CHAN_WELDS{m,3}.trans.Y := RIGHT_Hurdle - FP_StickOut;
     RL_CHAN_WELDS{m,3}.ROT := RL_CHANFLAT_TOPcorner.ROT;
     RL_CHAN_WELDS{m,3}.EXTAX := RL_CHANFLAT_TOPcorner.EXTAX;
     RL_CHAN_WELDS{m,3}.RobConf := RL_CHANFLAT_TOPcorner.RobConf;
     RL_CHAN_NOTES{m,1}:= "CORNER";
     RL_CHAN_NOTES{ m , 2}:="FLIPPED";
     WaitTime\InPos,.05;

ELSEIF (RIGHT_Hurdle) - RL_CHAN_WELDS{m,1}.trans.Y < RL_CHAN_WELDS{m,3}.trans.Y - (RIGHT_Hurdle) THEN
    ! IF THE TOP HALF IS LONGER, THEN HURDLE AND FLIP IT 
     WELD_REMAINDER := RL_CHAN_WELDS{m,3}.trans.Y - RIGHT_Hurdle;  
     RL_CHAN_WELDS{m,1}.trans.Y := RIGHT_Hurdle + WELD_REMAINDER;
     RL_CHAN_WELDS{m,1}.ROT := RL_CHAN_GOINGdown.ROT;
     RL_CHAN_WELDS{m,1}.EXTAX := RL_CHAN_GOINGdown.EXTAX;
     RL_CHAN_WELDS{m,1}.RobConf := RL_CHAN_GOINGdown.RobConf;
     
     RL_CHAN_WELDS{m,2}.trans.Y := RIGHT_Hurdle + BAR_THICKNESS + FP_StickOut + NOZZLE_RADIUS;
     RL_CHAN_WELDS{m,2}.ROT := RL_CHAN_GOINGdown.ROT;
     RL_CHAN_WELDS{m,2}.EXTAX := RL_CHAN_GOINGdown.EXTAX;
     RL_CHAN_WELDS{m,2}.RobConf := RL_CHAN_GOINGdown.RobConf;
     
     RL_CHAN_WELDS{m,3}.trans.Y := RIGHT_Hurdle + BAR_THICKNESS + FP_StickOut;
     RL_CHAN_WELDS{m,3}.ROT := RL_Chan_BOTTOMcorner.ROT;
     RL_CHAN_WELDS{m,3}.EXTAX := RL_Chan_BOTTOMcorner.EXTAX;                 
     RL_CHAN_WELDS{m,3}.RobConf := RL_Chan_BOTTOMcorner.RobConf;                 
     RL_CHAN_NOTES{m,1}:= "CORNER";
     RL_CHAN_NOTES{ m , 2}:="BUDGED";                 
     WaitTime\InPos,.05;
ENDIF
ENDIF
ENDFOR

FOR w FROM 2 TO How_Many
STEP + 1 DO
 ! THIS IS A TEST THAT IF THE WELD START POINT ARE LESS THAN (2*NOZZLE_RADIUS) ABOVE THE HURDLE THEN THE WELD SHOULD BE FLIPPED DIRECTIONALLY
IF (LR_CHAN_WELDS{w,1}.trans.Y - (LEFT_Hurdle + (2*NOZZLE_RADIUS)) < (2*NOZZLE_RADIUS)) AND (LR_CHAN_WELDS{w,1}.trans.Y > LEFT_Hurdle)  AND LR_CHAN_NOTES{ w , 2} <> "BUDGED" AND LR_CHAN_NOTES{ w , 2} <> "FLIPPED"  THEN
    
    Hold_This := LR_CHAN_WELDS{w,1}.trans.Y;
    
    LR_CHAN_WELDS{w,1}.trans.Y := LR_CHAN_WELDS{w,3}.trans.Y; 
    LR_CHAN_WELDS{w,3}.trans.Y := Hold_This; 
    
    LR_CHAN_WELDS{w,1}.Rot := LR_CHAN_GOINGDOWN.Rot; 
    LR_CHAN_WELDS{w,2}.Rot := LR_CHAN_GOINGDOWN.Rot; 
    LR_CHAN_WELDS{w,3}.Rot := LR_CHAN_GOINGDOWN.Rot; 

    LR_CHAN_WELDS{w,1}.Extax := LR_CHAN_GOINGDOWN.Extax; 
    LR_CHAN_WELDS{w,2}.Extax := LR_CHAN_GOINGDOWN.Extax; 
    LR_CHAN_WELDS{w,3}.Extax := LR_CHAN_GOINGDOWN.Extax; 

    LR_CHAN_WELDS{w,1}.RobConf := LR_CHAN_GOINGDOWN.RobConf; 
    LR_CHAN_WELDS{w,2}.RobConf := LR_CHAN_GOINGDOWN.RobConf; 
    LR_CHAN_WELDS{w,3}.RobConf := LR_CHAN_GOINGDOWN.RobConf; 

ENDIF   

IF RL_CHAN_WELDS{w,1}.trans.Y - (RIGHT_Hurdle + (2*NOZZLE_RADIUS)) < (2*NOZZLE_RADIUS) AND (RL_CHAN_WELDS{w,1}.trans.Y > RIGHT_Hurdle) AND RL_CHAN_NOTES{ w , 2} <> "BUDGED" AND RL_CHAN_NOTES{ w , 2} <> "FLIPPED"  THEN
    
    Hold_This := RL_CHAN_WELDS{w,1}.trans.Y;
    
    RL_CHAN_WELDS{w,1}.trans.Y := RL_CHAN_WELDS{w,3}.trans.Y; 
    RL_CHAN_WELDS{w,3}.trans.Y := Hold_This; 
    
    RL_CHAN_WELDS{w,1}.Rot := RL_CHAN_GOINGDOWN.Rot; 
    RL_CHAN_WELDS{w,2}.Rot := RL_CHAN_GOINGDOWN.Rot; 
    RL_CHAN_WELDS{w,3}.Rot := RL_CHAN_GOINGDOWN.Rot; 

    RL_CHAN_WELDS{w,1}.Extax := RL_CHAN_GOINGDOWN.Extax; 
    RL_CHAN_WELDS{w,2}.Extax := RL_CHAN_GOINGDOWN.Extax; 
    RL_CHAN_WELDS{w,3}.Extax := RL_CHAN_GOINGDOWN.Extax; 

    RL_CHAN_WELDS{w,1}.RobConf := RL_CHAN_GOINGDOWN.RobConf; 
    RL_CHAN_WELDS{w,2}.RobConf := RL_CHAN_GOINGDOWN.RobConf; 
    RL_CHAN_WELDS{w,3}.RobConf := RL_CHAN_GOINGDOWN.RobConf; 

ENDIF   
ENDFOR
ENDIF
WaitTime 1;











THAT_WAS_FUN:
ENDPROC

ENDMODULE
